sample_row_id,y_cri_high,y_proc_high,y_buyer_concentration_high,y_single_bid,y_no_call_for_tender,p_cri_high,p_proc_high,p_buyer_concentration_high,p_single_bid,p_no_call_for_tender,y_any_risk,pareto_auto_mcdm_score,pareto_auto_mcdm_rank,selected_for_review
122396,1.0,,0.0,1.0,0.0,0.9913458,0.9735891,0.47983813,0.99997187,0.5035991,1.0,1.0,1,True
117268,1.0,,0.0,1.0,1.0,0.9921036,0.97153264,0.663775,0.99997085,0.5504914,1.0,0.9942634,2,True
1827429,1.0,1.0,1.0,1.0,1.0,0.98201674,0.99990743,0.6010527,0.99996775,0.4959531,1.0,0.99316716,3,True
1960683,1.0,1.0,,,0.0,0.98163176,0.9999198,0.61395586,0.99956965,0.5290682,1.0,0.9919286,4,True
122939,1.0,1.0,,1.0,0.0,0.99172205,0.9976101,0.7019982,0.99997205,0.5930588,1.0,0.9910409,5,True
1828911,1.0,1.0,0.0,1.0,1.0,0.97676164,0.9999088,0.4404054,0.99996775,0.4575842,1.0,0.9901897,6,True
1841523,1.0,1.0,0.0,1.0,1.0,0.97979116,0.99990994,0.4906847,0.99996775,0.6699182,1.0,0.9899528,7,True
1838779,1.0,1.0,0.0,1.0,1.0,0.979038,0.99990994,0.4906847,0.99996775,0.6699182,1.0,0.9895408,8,True
1861582,1.0,1.0,0.0,1.0,0.0,0.9743825,0.99990743,0.51414293,0.99996775,0.43005472,1.0,0.9890546,9,True
2964553,1.0,1.0,0.0,1.0,,0.99389786,0.9999582,0.50035375,0.9999716,0.871972,1.0,0.98888046,10,True
2963251,1.0,1.0,0.0,1.0,,0.9940759,0.9999582,0.5013886,0.9999729,0.871972,1.0,0.98887026,11,True
2862203,1.0,,,,,0.99390435,0.99984074,0.5044724,0.9999726,0.86885864,1.0,0.988853,12,True
1831999,1.0,1.0,1.0,1.0,1.0,0.9805387,0.99990994,0.57743806,0.99996775,0.6578308,1.0,0.9887967,13,True
2843716,1.0,,,,,0.99390435,0.99984074,0.5056067,0.9999726,0.87034166,1.0,0.98876995,14,True
2896129,1.0,,,,,0.9930089,0.99984074,0.49747285,0.9999726,0.86998576,1.0,0.98875207,15,True
2882977,1.0,,,,,0.9940818,0.99984074,0.49461755,0.99996966,0.8721983,1.0,0.9887408,16,True
2916469,1.0,,,1.0,,0.99482167,0.999846,0.49893168,0.9999679,0.88280386,1.0,0.98862565,17,True
2856131,1.0,,,,,0.99390435,0.99984074,0.5125433,0.9999726,0.86885864,1.0,0.98859686,18,True
2899310,1.0,,,,,0.99346626,0.99984074,0.5125433,0.9999726,0.86885864,1.0,0.98853785,19,True
2852715,1.0,,,,,0.9923032,0.99984413,0.50051004,0.9999679,0.87893486,1.0,0.9884185,20,True
2505002,1.0,,,,,0.98855317,0.99984497,0.49735734,0.9999726,0.857446,1.0,0.988195,21,True
2896022,1.0,,,,,0.9936959,0.99984413,0.49701545,0.999971,0.89085776,1.0,0.98817503,22,True
129020,1.0,1.0,0.0,,,0.97631073,0.99843764,0.43206492,0.99938047,0.3947643,1.0,0.9881616,23,True
130852,1.0,1.0,0.0,,,0.97631073,0.99843764,0.43206492,0.99938047,0.3947643,1.0,0.9881616,24,True
132492,1.0,1.0,0.0,,,0.97631073,0.99843764,0.43206492,0.99938047,0.3947643,1.0,0.9881616,25,True
134590,1.0,1.0,0.0,,,0.97631073,0.99843764,0.43206492,0.99938047,0.3947643,1.0,0.9881616,26,True
134689,1.0,1.0,0.0,,,0.97631073,0.99843764,0.43206492,0.99938047,0.3947643,1.0,0.9881616,27,True
136147,1.0,1.0,0.0,,,0.97631073,0.99843764,0.43206492,0.99938047,0.3947643,1.0,0.9881616,28,True
139243,1.0,1.0,0.0,,,0.97631073,0.99843764,0.43206492,0.99938047,0.3947643,1.0,0.9881616,29,True
139308,1.0,1.0,0.0,,,0.97631073,0.99843764,0.43206492,0.99938047,0.3947643,1.0,0.9881616,30,True
2850735,1.0,,,,,0.9936959,0.99984074,0.5247993,0.999971,0.87034166,1.0,0.98813397,31,True
2882725,1.0,,,,,0.99355876,0.99984413,0.4824213,0.99996966,0.87753636,1.0,0.9881162,32,True
2841320,1.0,,,,,0.9932737,0.99984074,0.48176455,0.999971,0.8759531,1.0,0.9881056,33,True
2861296,1.0,,,,,0.9931516,0.99984413,0.50275457,0.9999679,0.8909574,1.0,0.98810285,34,True
2713409,1.0,,,,,0.9930934,0.9998439,0.4935441,0.99996966,0.8884764,1.0,0.9880556,35,True
2854144,1.0,,,1.0,,0.99441606,0.99984074,0.47863322,0.9999679,0.8807345,1.0,0.98800236,36,True
2898606,1.0,,,,,0.99381405,0.99984413,0.49496135,0.999971,0.8956877,1.0,0.9879724,37,True
2882332,1.0,,,,,0.9927101,0.99984413,0.5202766,0.99996966,0.8785993,1.0,0.9878721,38,True
1846570,1.0,1.0,0.0,1.0,0.0,0.9809757,0.9999117,0.48144543,0.99996966,0.75718915,1.0,0.98787117,39,True
2909267,1.0,,,,,0.99381405,0.99984413,0.5214403,0.9999679,0.8831576,1.0,0.98784983,40,True
2846944,1.0,,,,,0.99325454,0.99984413,0.51124513,0.999971,0.8912136,1.0,0.98784107,41,True
2916829,1.0,,,,,0.9927101,0.99984413,0.52152914,0.99996966,0.8785993,1.0,0.9878326,42,True
2887088,1.0,,,,,0.99381405,0.99984413,0.48939157,0.999971,0.8956877,1.0,0.9877959,43,True
2892446,1.0,,,,,0.9920926,0.99984074,0.47610888,0.9999679,0.87420785,1.0,0.9877942,44,True
2962613,1.0,1.0,0.0,1.0,,0.99400353,0.9999582,0.4640952,0.9999729,0.871972,1.0,0.9877662,45,True
1969526,1.0,1.0,,,0.0,0.97320247,0.9999115,0.55213857,0.99953395,0.44714394,1.0,0.98776263,46,True
2900717,1.0,,,,,0.9925934,0.99984413,0.5052717,0.999971,0.8966117,1.0,0.9877585,47,True
2855334,1.0,,,,,0.99149257,0.99984413,0.50013334,0.999971,0.8966117,1.0,0.9877276,48,True
2863396,1.0,,,,,0.9928072,0.99984074,0.53524804,0.9999726,0.86998576,1.0,0.9876866,49,True
2892027,1.0,,,,,0.9934971,0.999846,0.4760165,0.999971,0.88445026,1.0,0.987686,50,True
2958605,1.0,1.0,0.0,1.0,,0.99384916,0.9999582,0.5381083,0.9999716,0.871972,1.0,0.987677,51,True
2846234,1.0,,,,,0.98832667,0.9998412,0.48603025,0.99996966,0.8618964,1.0,0.9876468,52,True
2623952,1.0,,,,,0.99229044,0.99984413,0.5252986,0.99996966,0.8793243,1.0,0.9876224,53,True
2882236,1.0,,,,,0.99390435,0.99984413,0.47584334,0.9999726,0.88957965,1.0,0.9875717,54,True
2858586,1.0,,,,,0.993343,0.99984074,0.54069084,0.999971,0.8714579,1.0,0.9875472,55,True
2919244,1.0,,,,,0.9943766,0.9998405,0.44943765,0.999971,0.86575514,1.0,0.98754674,56,True
2917698,1.0,,,,,0.99325454,0.99984413,0.516486,0.999971,0.8966117,1.0,0.9875046,57,True
2886575,1.0,,,,,0.9908074,0.99984497,0.47589928,0.9999679,0.8758732,1.0,0.98749083,58,True
2859160,1.0,,,,,0.9946317,0.9998405,0.5173076,0.9999679,0.9018162,1.0,0.987486,59,True
2843751,1.0,,,,,0.9936959,0.9998403,0.47583947,0.999971,0.89151865,1.0,0.9874835,60,True
2836219,1.0,,,,,0.9889603,0.99984497,0.48409772,0.9999726,0.8714579,1.0,0.9874582,61,True
2915136,1.0,,,,,0.99325454,0.99984413,0.519427,0.999971,0.8953931,1.0,0.9874501,62,True
2857008,1.0,,,,,0.9936047,0.99984413,0.47328177,0.999971,0.89085776,1.0,0.98741126,63,True
2902507,1.0,,,,,0.99273205,0.99984413,0.51852596,0.999971,0.8953931,1.0,0.98740065,64,True
2907762,1.0,,,,,0.9908459,0.99984497,0.47770742,0.9999679,0.88127786,1.0,0.98738617,65,True
3024210,1.0,1.0,0.0,1.0,,0.9942266,0.9999582,0.49863437,0.9999729,0.9199226,1.0,0.9873681,66,True
2836616,1.0,,,,,0.9925934,0.99984413,0.519427,0.999971,0.8953931,1.0,0.98735034,67,True
2851928,1.0,,,,,0.99381405,0.99984413,0.4826513,0.999971,0.9032746,1.0,0.9873422,68,True
2741203,1.0,,,,,0.9981917,0.99979633,0.32571024,0.9993279,0.7571787,1.0,0.98733574,69,True
2886700,1.0,,,,,0.9936384,0.9998403,0.46024433,0.999971,0.8818864,1.0,0.9872872,70,True
2843055,1.0,,,,,0.99325454,0.99984413,0.52909493,0.999971,0.8909397,1.0,0.9872853,71,True
2847809,1.0,,,,,0.9927101,0.99984413,0.46201658,0.99996966,0.87998736,1.0,0.9872694,72,True
2674977,0.0,,1.0,,,0.99273205,0.99984413,0.5361302,0.9999679,0.88283217,1.0,0.98724157,73,True
1814055,1.0,1.0,,,0.0,0.9830093,0.99990237,0.18796596,0.99965876,0.48280632,1.0,0.9872391,74,True
1813482,1.0,1.0,,,0.0,0.9832019,0.99990296,0.18623064,0.9997145,0.4815787,1.0,0.9872292,75,True
2872136,1.0,,,,,0.99235106,0.99984413,0.47100708,0.9999726,0.88957965,1.0,0.98719275,76,True
3060304,1.0,1.0,1.0,1.0,,0.9942987,0.9999582,0.5059801,0.9999729,0.9214827,1.0,0.98718077,77,True
2896202,1.0,,,,,0.99314654,0.99984074,0.44686067,0.999971,0.87034166,1.0,0.98716104,78,True
136702,1.0,1.0,0.0,,,0.97631073,0.99843764,0.43206492,0.99938047,0.3543565,1.0,0.98712164,79,True
137579,1.0,1.0,0.0,,,0.97631073,0.99843764,0.43206492,0.99938047,0.3543565,1.0,0.98712164,80,True
2867771,1.0,,,,,0.9944491,0.99984413,0.45938244,0.9999726,0.88957965,1.0,0.98711467,81,True
2839458,1.0,,,,,0.9934634,0.99984074,0.55160785,0.99996966,0.8747898,1.0,0.9871133,82,True
2859897,1.0,,,,,0.9936688,0.99984413,0.5332274,0.999971,0.8944595,1.0,0.9870998,83,True
2958355,1.0,1.0,0.0,1.0,,0.9940804,0.9999582,0.4916578,0.9999729,0.9214827,1.0,0.9870803,84,True
2854108,1.0,,,,,0.99383223,0.99984413,0.5503066,0.9999679,0.87893486,1.0,0.98707175,85,True
1815920,1.0,1.0,,,0.0,0.9832019,0.99990296,0.18080504,0.9997145,0.4815787,1.0,0.98706996,86,True
2912370,1.0,,,,,0.9922104,0.99984074,0.5448296,0.999971,0.87702787,1.0,0.98706603,87,True
2834222,1.0,,,,,0.9926023,0.9998403,0.4622494,0.9999679,0.88682747,1.0,0.9870442,88,True
2871743,1.0,,,,,0.9933777,0.99984497,0.5629223,0.999971,0.8656112,1.0,0.9870339,89,True
2909589,1.0,,,,,0.99314654,0.99984074,0.4428355,0.999971,0.87034166,1.0,0.98703384,90,True
2607953,1.0,,,,,0.9924612,0.99984413,0.53911334,0.9999679,0.8852364,1.0,0.9870288,91,True
3386172,1.0,1.0,0.0,1.0,1.0,0.98851097,0.96979374,0.47379902,0.99996924,0.8943666,1.0,0.9870282,92,True
2898166,1.0,,,,,0.99359024,0.99984413,0.54070693,0.999971,0.88905776,1.0,0.9870238,93,True
2883750,1.0,,,,,0.9915327,0.99984497,0.45142,0.999971,0.8708628,1.0,0.98702216,94,True
2844728,1.0,,,,,0.9936047,0.99984413,0.460692,0.999971,0.89085776,1.0,0.987013,95,True
2865742,1.0,,,,,0.99381405,0.99984413,0.5372667,0.999971,0.8944595,1.0,0.98699075,96,True
2895807,1.0,,,,,0.9931516,0.99984413,0.53202873,0.999971,0.8970008,1.0,0.9869864,97,True
1851068,1.0,1.0,0.0,1.0,0.0,0.973874,0.999908,0.40328288,0.99996775,0.44020393,1.0,0.9869802,98,True
2884164,1.0,,,,,0.99381405,0.99984413,0.5377546,0.999971,0.8944595,1.0,0.9869753,99,True
1874785,1.0,1.0,1.0,1.0,0.0,0.97502995,0.99990743,0.5765959,0.99996775,0.38956165,1.0,0.9869682,100,True
