algorithm,n_gen,n_eval,hypervolume
NSGA-II,1,100,0.26557027742266637
NSGA-II,2,200,0.28146685083465717
NSGA-II,3,300,0.2965383162075049
NSGA-II,4,400,0.3130918581147959
NSGA-II,5,500,0.3234167787705267
NSGA-II,6,600,0.32455085794848676
NSGA-II,7,700,0.34215074761769476
NSGA-II,8,800,0.34254445090999486
NSGA-II,9,900,0.34316986481855605
NSGA-II,10,1000,0.3426511866552039
NSGA-II,11,1100,0.34712529675410336
NSGA-II,12,1200,0.34733888937607255
NSGA-II,13,1300,0.3495372797262062
NSGA-II,14,1400,0.34945381404965864
NSGA-II,15,1500,0.3508457727286942
NSGA-II,16,1600,0.35088391610612213
NSGA-II,17,1700,0.3508778282894914
NSGA-II,18,1800,0.351227354186463
NSGA-II,19,1900,0.3507883191916289
NSGA-II,20,2000,0.34132786615561705
NSGA-II,21,2100,0.35097744032747336
NSGA-II,22,2200,0.3510907132091626
NSGA-II,23,2300,0.3506028032679732
NSGA-II,24,2400,0.35083833377543144
NSGA-II,25,2500,0.3509611889102336
NSGA-II,26,2600,0.3510886777906683
NSGA-II,27,2700,0.35080741501567436
NSGA-II,28,2800,0.35076610978315953
NSGA-II,29,2900,0.35035878904793516
NSGA-II,30,3000,0.3505398835748803
NSGA-II,31,3100,0.3509292351432177
NSGA-II,32,3200,0.3509072433298339
NSGA-II,33,3300,0.3509966928698839
NSGA-II,34,3400,0.35135009642765636
NSGA-II,35,3500,0.3515142789065405
NSGA-II,36,3600,0.35126969490514354
NSGA-II,37,3700,0.3507787141537872
NSGA-II,38,3800,0.35104511427907004
NSGA-II,39,3900,0.350412031800214
NSGA-II,40,4000,0.3509847844956454
NSGA-II,41,4100,0.3498486905789394
NSGA-II,42,4200,0.3500765302563291
NSGA-II,43,4300,0.34934139879758486
NSGA-II,44,4400,0.3489861754063859
NSGA-II,45,4500,0.34902329205661903
NSGA-II,46,4600,0.34894212835010485
NSGA-II,47,4700,0.3486079737089355
NSGA-II,48,4800,0.3485155288758589
NSGA-II,49,4900,0.3494867943256471
NSGA-II,50,5000,0.34997293395028445
NSGA-II,51,5100,0.3493095320951718
NSGA-II,52,5200,0.34957977577935456
NSGA-II,53,5300,0.3511802431539178
NSGA-II,54,5400,0.3508440670602441
NSGA-II,55,5500,0.3359246261948109
NSGA-II,56,5600,0.3512399984259892
NSGA-II,57,5700,0.35111568786381875
NSGA-II,58,5800,0.3509648732155397
NSGA-II,59,5900,0.3507262039021245
NSGA-II,60,6000,0.35121880053507565
NSGA-II,61,6100,0.3511301246369277
NSGA-II,62,6200,0.3492445367803373
NSGA-II,63,6300,0.3489293649261943
NSGA-II,64,6400,0.34806288878838165
NSGA-II,65,6500,0.35020344005497617
NSGA-II,66,6600,0.3507291038921355
NSGA-II,67,6700,0.35010135307464757
NSGA-II,68,6800,0.3500565235639392
NSGA-II,69,6900,0.35056545749660106
NSGA-II,70,7000,0.3504694893625774
NSGA-II,71,7100,0.35069233145116974
NSGA-II,72,7200,0.3504126533146753
NSGA-II,73,7300,0.3504897380863521
NSGA-II,74,7400,0.3506897734987291
NSGA-II,75,7500,0.3508631965857863
NSGA-II,76,7600,0.35138746977267654
NSGA-II,77,7700,0.35048430328851266
NSGA-II,78,7800,0.35038539757216547
NSGA-II,79,7900,0.351163805128479
NSGA-II,80,8000,0.3513801640421048
NSGA-II,81,8100,0.35158250299483695
NSGA-II,82,8200,0.35161120294131554
NSGA-II,83,8300,0.3517576890471623
NSGA-II,84,8400,0.3517463149243134
NSGA-II,85,8500,0.35153567295735744
NSGA-II,86,8600,0.351629959281241
NSGA-II,87,8700,0.3502886626143674
NSGA-II,88,8800,0.3498841006019483
NSGA-II,89,8900,0.35002498381733704
NSGA-II,90,9000,0.34963712493728544
NSGA-II,91,9100,0.3497249284681299
NSGA-II,92,9200,0.3498847044384205
NSGA-II,93,9300,0.3498231215353903
NSGA-II,94,9400,0.3498195395124128
NSGA-II,95,9500,0.3506001985821585
NSGA-II,96,9600,0.35014459697573325
NSGA-II,97,9700,0.34961613818979387
NSGA-II,98,9800,0.3491444320611156
NSGA-II,99,9900,0.349403836836915
NSGA-II,100,10000,0.34924883780852656
NSGA-II,101,10100,0.3499001286971861
NSGA-II,102,10200,0.34930217452688145
NSGA-II,103,10300,0.3496577455347894
NSGA-II,104,10400,0.3498639854028324
NSGA-II,105,10500,0.3509404156875791
NSGA-II,106,10600,0.35061807475513596
NSGA-II,107,10700,0.35050009871415744
NSGA-II,108,10800,0.3499338003282888
NSGA-II,109,10900,0.35214528173558574
NSGA-II,110,11000,0.35060243237636735
NSGA-II,111,11100,0.34992870762992767
NSGA-II,112,11200,0.3510846466717723
NSGA-II,113,11300,0.3503152590787004
NSGA-II,114,11400,0.3507904602477362
NSGA-II,115,11500,0.3509215757471414
NSGA-II,116,11600,0.3492400808499364
NSGA-II,117,11700,0.3502187948601758
NSGA-II,118,11800,0.350314461730705
NSGA-II,119,11900,0.34996689765916217
NSGA-II,120,12000,0.35024166978447746
NSGA-II,121,12100,0.35040826220732835
NSGA-II,122,12200,0.3483310231520509
NSGA-II,123,12300,0.3507194859905183
NSGA-II,124,12400,0.35064602834443853
NSGA-II,125,12500,0.35106402148903687
NSGA-II,126,12600,0.3512803837415339
NSGA-II,127,12700,0.35182278082786755
NSGA-II,128,12800,0.3503181639207828
NSGA-II,129,12900,0.34967594204092733
NSGA-II,130,13000,0.3497002658405902
NSGA-II,131,13100,0.3520196638017961
NSGA-II,132,13200,0.3510166541922915
NSGA-II,133,13300,0.34988337716116624
NSGA-II,134,13400,0.3500090181981498
NSGA-II,135,13500,0.35175362568928714
NSGA-II,136,13600,0.3516327722781
NSGA-II,137,13700,0.3506521598601744
NSGA-II,138,13800,0.3507346291662979
NSGA-II,139,13900,0.35094862596760806
NSGA-II,140,14000,0.3504906005047125
NSGA-II,141,14100,0.35121860711131575
NSGA-II,142,14200,0.3509442530659064
NSGA-II,143,14300,0.35041681452236273
NSGA-II,144,14400,0.3504848937679245
NSGA-II,145,14500,0.3494845728308056
NSGA-II,146,14600,0.35026446215299994
NSGA-II,147,14700,0.3486676880390146
NSGA-II,148,14800,0.3508628312920182
NSGA-II,149,14900,0.3505331046478466
NSGA-II,150,15000,0.3510290429900019
NSGA-II,151,15100,0.35142326737800567
NSGA-II,152,15200,0.351679477957493
NSGA-II,153,15300,0.35166065860471707
NSGA-II,154,15400,0.3521010760783596
NSGA-II,155,15500,0.35139959542234633
NSGA-II,156,15600,0.35050724687905555
NSGA-II,157,15700,0.3510267932147464
NSGA-II,158,15800,0.35102845397908977
NSGA-II,159,15900,0.351036367047445
NSGA-II,160,16000,0.3518897080150313
NSGA-II,161,16100,0.3519006095698222
NSGA-II,162,16200,0.3514711724912237
NSGA-II,163,16300,0.351138435649476
NSGA-II,164,16400,0.35111837665803924
NSGA-II,165,16500,0.351307332838331
NSGA-II,166,16600,0.3502797680096562
NSGA-II,167,16700,0.3500271332105523
NSGA-II,168,16800,0.35096574492609933
NSGA-II,169,16900,0.3511586547719776
NSGA-II,170,17000,0.3491622448386812
NSGA-II,171,17100,0.3504635551523372
NSGA-II,172,17200,0.3472740066359293
NSGA-II,173,17300,0.348240948996706
NSGA-II,174,17400,0.34939287534868246
NSGA-II,175,17500,0.35041709671869975
NSGA-II,176,17600,0.35042403477194295
NSGA-II,177,17700,0.35058595820448263
NSGA-II,178,17800,0.35144627914443516
NSGA-II,179,17900,0.35128389404490684
NSGA-II,180,18000,0.3513537387037883
NSGA-II,181,18100,0.35125235915979347
NSGA-II,182,18200,0.3493163849862001
NSGA-II,183,18300,0.3503155993302669
NSGA-II,184,18400,0.3511507989948417
NSGA-II,185,18500,0.3517568302594351
NSGA-II,186,18600,0.3517291214242051
NSGA-II,187,18700,0.35194485586056967
NSGA-II,188,18800,0.351938743460405
NSGA-II,189,18900,0.35227050812528105
NSGA-II,190,19000,0.35251383047162466
NSGA-II,191,19100,0.352086080645299
NSGA-II,192,19200,0.35238464373553574
NSGA-II,193,19300,0.352796378547247
NSGA-II,194,19400,0.35273016801009216
NSGA-II,195,19500,0.3527631639545996
NSGA-II,196,19600,0.3525806131622138
NSGA-II,197,19700,0.35222235376415434
NSGA-II,198,19800,0.35184887986319413
NSGA-II,199,19900,0.3510048325041414
NSGA-II,200,20000,0.351349762118806
NSGA-III,1,100,0.28119509497502193
NSGA-III,2,200,0.28392901420255495
NSGA-III,3,300,0.2908526411156473
NSGA-III,4,400,0.31252935681659977
NSGA-III,5,500,0.3343464831876199
NSGA-III,6,600,0.33531607870405733
NSGA-III,7,700,0.3377840265670725
NSGA-III,8,800,0.3401262812320737
NSGA-III,9,900,0.3412008019350684
NSGA-III,10,1000,0.3416486324812894
NSGA-III,11,1100,0.3425800538120053
NSGA-III,12,1200,0.34252074873088156
NSGA-III,13,1300,0.3416991948904744
NSGA-III,14,1400,0.3410973653095419
NSGA-III,15,1500,0.342971088957963
NSGA-III,16,1600,0.3435032377621903
NSGA-III,17,1700,0.3430833427041472
NSGA-III,18,1800,0.3457182355271256
NSGA-III,19,1900,0.34564762849650793
NSGA-III,20,2000,0.34553509657773335
NSGA-III,21,2100,0.33332990308858246
NSGA-III,22,2200,0.33380663546505795
NSGA-III,23,2300,0.332595612881485
NSGA-III,24,2400,0.33457327224484484
NSGA-III,25,2500,0.33467813120192436
NSGA-III,26,2600,0.3348220241845643
NSGA-III,27,2700,0.33755302779361385
NSGA-III,28,2800,0.3387499812935182
NSGA-III,29,2900,0.33911590613864895
NSGA-III,30,3000,0.33942635776413377
NSGA-III,31,3100,0.3389906667463968
NSGA-III,32,3200,0.338990529743019
NSGA-III,33,3300,0.3391497696394157
NSGA-III,34,3400,0.33919668932991864
NSGA-III,35,3500,0.3398984584259464
NSGA-III,36,3600,0.33998580234165254
NSGA-III,37,3700,0.340913089773935
NSGA-III,38,3800,0.3409079662871718
NSGA-III,39,3900,0.33936518727609233
NSGA-III,40,4000,0.3392118960951229
NSGA-III,41,4100,0.3395140296951399
NSGA-III,42,4200,0.3395643553686102
NSGA-III,43,4300,0.3396209360106546
NSGA-III,44,4400,0.34115918562021585
NSGA-III,45,4500,0.34111019044051155
NSGA-III,46,4600,0.34117356357478446
NSGA-III,47,4700,0.3404996407072507
NSGA-III,48,4800,0.33781348371705056
NSGA-III,49,4900,0.3378928956923512
NSGA-III,50,5000,0.337521628068691
NSGA-III,51,5100,0.33811112785342223
NSGA-III,52,5200,0.3381264348330706
NSGA-III,53,5300,0.33542617990649604
NSGA-III,54,5400,0.3357111203015536
NSGA-III,55,5500,0.3379948657045757
NSGA-III,56,5600,0.33799950330482603
NSGA-III,57,5700,0.3373819330665777
NSGA-III,58,5800,0.342463799393162
NSGA-III,59,5900,0.3443084567419884
NSGA-III,60,6000,0.3442642861605254
NSGA-III,61,6100,0.34427293742127174
NSGA-III,62,6200,0.34746261319838534
NSGA-III,63,6300,0.3391333031229351
NSGA-III,64,6400,0.33917993905780974
NSGA-III,65,6500,0.339112284076982
NSGA-III,66,6600,0.33914594913135304
NSGA-III,67,6700,0.340411893493455
NSGA-III,68,6800,0.34196967659471134
NSGA-III,69,6900,0.3422145310505963
NSGA-III,70,7000,0.3422614040869587
NSGA-III,71,7100,0.3424720074694917
NSGA-III,72,7200,0.34276488732328525
NSGA-III,73,7300,0.34142046290571315
NSGA-III,74,7400,0.34336167690088176
NSGA-III,75,7500,0.34354101195403147
NSGA-III,76,7600,0.3438280660217103
NSGA-III,77,7700,0.34376278640659746
NSGA-III,78,7800,0.3403677280119626
NSGA-III,79,7900,0.34030061421418695
NSGA-III,80,8000,0.34738654407691155
NSGA-III,81,8100,0.34728178276201566
NSGA-III,82,8200,0.3471827203158031
NSGA-III,83,8300,0.3471818432895166
NSGA-III,84,8400,0.3469090920810677
NSGA-III,85,8500,0.34680623351672746
NSGA-III,86,8600,0.33618086480434217
NSGA-III,87,8700,0.33621242889480907
NSGA-III,88,8800,0.3364411701146591
NSGA-III,89,8900,0.33638275020690006
NSGA-III,90,9000,0.33804778698577276
NSGA-III,91,9100,0.34088772358841585
NSGA-III,92,9200,0.3453013104803518
NSGA-III,93,9300,0.34418921154178994
NSGA-III,94,9400,0.34772550280442427
NSGA-III,95,9500,0.3470875649011729
NSGA-III,96,9600,0.34867913248452165
NSGA-III,97,9700,0.34945796189528433
NSGA-III,98,9800,0.3497205208411194
NSGA-III,99,9900,0.3495154951461571
NSGA-III,100,10000,0.348636465836065
NSGA-III,101,10100,0.348289714424202
NSGA-III,102,10200,0.3496668957528775
NSGA-III,103,10300,0.3496165891067244
NSGA-III,104,10400,0.3488385612620928
NSGA-III,105,10500,0.34888723779608755
NSGA-III,106,10600,0.34926476793166084
NSGA-III,107,10700,0.3488679797144331
NSGA-III,108,10800,0.3498909119357254
NSGA-III,109,10900,0.34874049994378253
NSGA-III,110,11000,0.35073638578323746
NSGA-III,111,11100,0.35088024801087464
NSGA-III,112,11200,0.3508544997789551
NSGA-III,113,11300,0.35075470163122885
NSGA-III,114,11400,0.34802244360413404
NSGA-III,115,11500,0.34802142788977153
NSGA-III,116,11600,0.34783389376649876
NSGA-III,117,11700,0.34758750664374904
NSGA-III,118,11800,0.34776398246711776
NSGA-III,119,11900,0.3479786292704364
NSGA-III,120,12000,0.34923283508088
NSGA-III,121,12100,0.3448396346431091
NSGA-III,122,12200,0.345572547451715
NSGA-III,123,12300,0.3457334974722306
NSGA-III,124,12400,0.34615213184037696
NSGA-III,125,12500,0.3466533827718573
NSGA-III,126,12600,0.349012892052753
NSGA-III,127,12700,0.3458213096724078
NSGA-III,128,12800,0.34574809393144085
NSGA-III,129,12900,0.3481093071133808
NSGA-III,130,13000,0.34803811265242596
NSGA-III,131,13100,0.3480051917815441
NSGA-III,132,13200,0.3480023308112698
NSGA-III,133,13300,0.347573371696452
NSGA-III,134,13400,0.3479307969003148
NSGA-III,135,13500,0.34835453346362505
NSGA-III,136,13600,0.3485854504540369
NSGA-III,137,13700,0.3485731807491001
NSGA-III,138,13800,0.3482640887012484
NSGA-III,139,13900,0.34591389735489353
NSGA-III,140,14000,0.3460748149519047
NSGA-III,141,14100,0.34815363763737867
NSGA-III,142,14200,0.34821537484823545
NSGA-III,143,14300,0.3484596472909925
NSGA-III,144,14400,0.34852472596707657
NSGA-III,145,14500,0.349341218932294
NSGA-III,146,14600,0.3487176031979385
NSGA-III,147,14700,0.3493186971763693
NSGA-III,148,14800,0.3478805108342332
NSGA-III,149,14900,0.34533498427056597
NSGA-III,150,15000,0.345583658336192
NSGA-III,151,15100,0.3474544221649861
NSGA-III,152,15200,0.3462562442932038
NSGA-III,153,15300,0.3488291402368551
NSGA-III,154,15400,0.35107319186818636
NSGA-III,155,15500,0.35099132510951947
NSGA-III,156,15600,0.35088147103949896
NSGA-III,157,15700,0.3511274396613997
NSGA-III,158,15800,0.35111755095644354
NSGA-III,159,15900,0.34917233170282036
NSGA-III,160,16000,0.3493038228035881
NSGA-III,161,16100,0.3493954539246991
NSGA-III,162,16200,0.3494678857733302
NSGA-III,163,16300,0.34946147270281264
NSGA-III,164,16400,0.3493637623919771
NSGA-III,165,16500,0.34921201422122355
NSGA-III,166,16600,0.3492704702286753
NSGA-III,167,16700,0.3494966077207413
NSGA-III,168,16800,0.35114388953115805
NSGA-III,169,16900,0.35078468058522105
NSGA-III,170,17000,0.3505677807671604
NSGA-III,171,17100,0.35077353111338705
NSGA-III,172,17200,0.35122103857954334
NSGA-III,173,17300,0.3510341321926691
NSGA-III,174,17400,0.3512916041443578
NSGA-III,175,17500,0.35236886919918514
NSGA-III,176,17600,0.352103054563222
NSGA-III,177,17700,0.35180565443465484
NSGA-III,178,17800,0.35205019408820093
NSGA-III,179,17900,0.3522629418002441
NSGA-III,180,18000,0.3523891845018554
NSGA-III,181,18100,0.35238504578931884
NSGA-III,182,18200,0.3524961819958568
NSGA-III,183,18300,0.352418370356253
NSGA-III,184,18400,0.3517233951743673
NSGA-III,185,18500,0.3514681210014431
NSGA-III,186,18600,0.35098702707060897
NSGA-III,187,18700,0.35101697508297947
NSGA-III,188,18800,0.3505043912078858
NSGA-III,189,18900,0.3506182803986261
NSGA-III,190,19000,0.3505551078947258
NSGA-III,191,19100,0.3501722997226386
NSGA-III,192,19200,0.35038208142936494
NSGA-III,193,19300,0.34922888403106456
NSGA-III,194,19400,0.3509255986299197
NSGA-III,195,19500,0.3510435450601774
NSGA-III,196,19600,0.35086033488318813
NSGA-III,197,19700,0.3505802299685501
NSGA-III,198,19800,0.35070405155019546
NSGA-III,199,19900,0.34822750730235574
NSGA-III,200,20000,0.3484593766943986
R-NSGA-II,1,100,0.2697164430201158
R-NSGA-II,2,200,0.2773981790661193
R-NSGA-II,3,300,0.29979929287011187
R-NSGA-II,4,400,0.3084027036668526
R-NSGA-II,5,500,0.3185566742604734
R-NSGA-II,6,600,0.3276040887671773
R-NSGA-II,7,700,0.3317331701810028
R-NSGA-II,8,800,0.33571763439222635
R-NSGA-II,9,900,0.34034793765191795
R-NSGA-II,10,1000,0.33767306557211274
R-NSGA-II,11,1100,0.3355212979055814
R-NSGA-II,12,1200,0.3337799328514017
R-NSGA-II,13,1300,0.333863667606753
R-NSGA-II,14,1400,0.32529912876986394
R-NSGA-II,15,1500,0.32457654765435573
R-NSGA-II,16,1600,0.32373980350446513
R-NSGA-II,17,1700,0.31776542384621
R-NSGA-II,18,1800,0.3161502928239619
R-NSGA-II,19,1900,0.31364677952248143
R-NSGA-II,20,2000,0.3125717912309264
R-NSGA-II,21,2100,0.312165774881977
R-NSGA-II,22,2200,0.31217706808867485
R-NSGA-II,23,2300,0.31221295270729205
R-NSGA-II,24,2400,0.31248500856245215
R-NSGA-II,25,2500,0.3124862978141672
R-NSGA-II,26,2600,0.31257375205390153
R-NSGA-II,27,2700,0.3126303414017175
R-NSGA-II,28,2800,0.3126304162367563
R-NSGA-II,29,2900,0.3130081963469174
R-NSGA-II,30,3000,0.3132821282542626
R-NSGA-II,31,3100,0.3130085990382568
R-NSGA-II,32,3200,0.3131216812873876
R-NSGA-II,33,3300,0.32001873956879184
R-NSGA-II,34,3400,0.31329100403312515
R-NSGA-II,35,3500,0.3134153729948446
R-NSGA-II,36,3600,0.3135120543837038
R-NSGA-II,37,3700,0.3134772149135606
R-NSGA-II,38,3800,0.3134775619341882
R-NSGA-II,39,3900,0.31339689352692757
R-NSGA-II,40,4000,0.31339691231352107
R-NSGA-II,41,4100,0.3134211566239006
R-NSGA-II,42,4200,0.3134953614203646
R-NSGA-II,43,4300,0.3135132487435469
R-NSGA-II,44,4400,0.3140825275580179
R-NSGA-II,45,4500,0.3140955724142066
R-NSGA-II,46,4600,0.31412497163881425
R-NSGA-II,47,4700,0.31333724776041255
R-NSGA-II,48,4800,0.31333726948051654
R-NSGA-II,49,4900,0.31491869703417474
R-NSGA-II,50,5000,0.3133618454337894
R-NSGA-II,51,5100,0.31336177228260725
R-NSGA-II,52,5200,0.313337634321634
R-NSGA-II,53,5300,0.31575191191477314
R-NSGA-II,54,5400,0.3157518592049677
R-NSGA-II,55,5500,0.3157521695373605
R-NSGA-II,56,5600,0.31575221400639963
R-NSGA-II,57,5700,0.3141239913263866
R-NSGA-II,58,5800,0.31412400490335274
R-NSGA-II,59,5900,0.32047472744601113
R-NSGA-II,60,6000,0.31412988434605604
R-NSGA-II,61,6100,0.3141319717482618
R-NSGA-II,62,6200,0.3141313755112531
R-NSGA-II,63,6300,0.3139096587922929
R-NSGA-II,64,6400,0.31390986794307185
R-NSGA-II,65,6500,0.3139099332125103
R-NSGA-II,66,6600,0.3139099222639717
R-NSGA-II,67,6700,0.3139092779735803
R-NSGA-II,68,6800,0.3139093390006717
R-NSGA-II,69,6900,0.3139094150582237
R-NSGA-II,70,7000,0.313858317360797
R-NSGA-II,71,7100,0.32426555485661523
R-NSGA-II,72,7200,0.32426556939275475
R-NSGA-II,73,7300,0.3242655731264707
R-NSGA-II,74,7400,0.32409294954619594
R-NSGA-II,75,7500,0.31438802566687013
R-NSGA-II,76,7600,0.3138954320601403
R-NSGA-II,77,7700,0.3138954328083849
R-NSGA-II,78,7800,0.31396453416149206
R-NSGA-II,79,7900,0.31396443342039143
R-NSGA-II,80,8000,0.313964450400811
R-NSGA-II,81,8100,0.31396477537073353
R-NSGA-II,82,8200,0.312920521232422
R-NSGA-II,83,8300,0.31340079424083067
R-NSGA-II,84,8400,0.31338833299337043
R-NSGA-II,85,8500,0.3132312388297276
R-NSGA-II,86,8600,0.313234671658763
R-NSGA-II,87,8700,0.3132627534470717
R-NSGA-II,88,8800,0.3127336333459652
R-NSGA-II,89,8900,0.31651160494355524
R-NSGA-II,90,9000,0.3128470617878101
R-NSGA-II,91,9100,0.32677829988307006
R-NSGA-II,92,9200,0.33352318948666176
R-NSGA-II,93,9300,0.32263885124021097
R-NSGA-II,94,9400,0.31427167439015946
R-NSGA-II,95,9500,0.3142714504637867
R-NSGA-II,96,9600,0.3125489583570972
R-NSGA-II,97,9700,0.31214291293718005
R-NSGA-II,98,9800,0.3134626328918359
R-NSGA-II,99,9900,0.3134626260074198
R-NSGA-II,100,10000,0.3121503993329068
R-NSGA-II,101,10100,0.3127692790033375
R-NSGA-II,102,10200,0.3135876732527558
R-NSGA-II,103,10300,0.31331235719288436
R-NSGA-II,104,10400,0.3117976821361915
R-NSGA-II,105,10500,0.3117968563036912
R-NSGA-II,106,10600,0.3116476324333162
R-NSGA-II,107,10700,0.31151233363445036
R-NSGA-II,108,10800,0.3167305374650963
R-NSGA-II,109,10900,0.32238216828496774
R-NSGA-II,110,11000,0.3116016576619165
R-NSGA-II,111,11100,0.3122077746692974
R-NSGA-II,112,11200,0.3123619967685337
R-NSGA-II,113,11300,0.31236199684930754
R-NSGA-II,114,11400,0.3123619942570313
R-NSGA-II,115,11500,0.31561826044834707
R-NSGA-II,116,11600,0.31561907513870346
R-NSGA-II,117,11700,0.31623143652075986
R-NSGA-II,118,11800,0.3118263682818671
R-NSGA-II,119,11900,0.3118343085159625
R-NSGA-II,120,12000,0.32154866970103546
R-NSGA-II,121,12100,0.3131705871022641
R-NSGA-II,122,12200,0.31148894703531027
R-NSGA-II,123,12300,0.31220549245442375
R-NSGA-II,124,12400,0.3115268277568508
R-NSGA-II,125,12500,0.31146001393201234
R-NSGA-II,126,12600,0.31146001518365285
R-NSGA-II,127,12700,0.3114586062509317
R-NSGA-II,128,12800,0.3144042470391629
R-NSGA-II,129,12900,0.3144042470584238
R-NSGA-II,130,13000,0.31145875329431233
R-NSGA-II,131,13100,0.3114587531645094
R-NSGA-II,132,13200,0.31148007329864646
R-NSGA-II,133,13300,0.3119975160645992
R-NSGA-II,134,13400,0.31449509807208803
R-NSGA-II,135,13500,0.31140397664859093
R-NSGA-II,136,13600,0.31140397665582076
R-NSGA-II,137,13700,0.3140032840865245
R-NSGA-II,138,13800,0.3140123567949429
R-NSGA-II,139,13900,0.3114385220759064
R-NSGA-II,140,14000,0.3285182979224702
R-NSGA-II,141,14100,0.3285181269976413
R-NSGA-II,142,14200,0.3206555774237745
R-NSGA-II,143,14300,0.31159261348579087
R-NSGA-II,144,14400,0.3125205300341545
R-NSGA-II,145,14500,0.31159369442118817
R-NSGA-II,146,14600,0.31206865830733777
R-NSGA-II,147,14700,0.31206866988335097
R-NSGA-II,148,14800,0.31206871969456684
R-NSGA-II,149,14900,0.3120692061504663
R-NSGA-II,150,15000,0.3118134551183011
R-NSGA-II,151,15100,0.3205823135281371
R-NSGA-II,152,15200,0.31181223426763094
R-NSGA-II,153,15300,0.3117317961565919
R-NSGA-II,154,15400,0.31160880209651504
R-NSGA-II,155,15500,0.3114733243306458
R-NSGA-II,156,15600,0.3114733822040433
R-NSGA-II,157,15700,0.31199204628257277
R-NSGA-II,158,15800,0.3214355274027001
R-NSGA-II,159,15900,0.31210034873177267
R-NSGA-II,160,16000,0.3267711662182849
R-NSGA-II,161,16100,0.3267754463780984
R-NSGA-II,162,16200,0.3267754534648909
R-NSGA-II,163,16300,0.3173402959383192
R-NSGA-II,164,16400,0.3176846617928683
R-NSGA-II,165,16500,0.3117323097440857
R-NSGA-II,166,16600,0.3117323124081514
R-NSGA-II,167,16700,0.3117271037873286
R-NSGA-II,168,16800,0.3117271650980002
R-NSGA-II,169,16900,0.3181845489583302
R-NSGA-II,170,17000,0.31182192795243585
R-NSGA-II,171,17100,0.3124756681565479
R-NSGA-II,172,17200,0.31196014328285365
R-NSGA-II,173,17300,0.3118311931025909
R-NSGA-II,174,17400,0.31186012197220736
R-NSGA-II,175,17500,0.31793649192312307
R-NSGA-II,176,17600,0.3118311963482194
R-NSGA-II,177,17700,0.3117353927275819
R-NSGA-II,178,17800,0.31224891307961594
R-NSGA-II,179,17900,0.3119270105332296
R-NSGA-II,180,18000,0.3223032683590222
R-NSGA-II,181,18100,0.3224071200120036
R-NSGA-II,182,18200,0.32236966225535796
R-NSGA-II,183,18300,0.322369929113907
R-NSGA-II,184,18400,0.3223905619928998
R-NSGA-II,185,18500,0.32239026243218943
R-NSGA-II,186,18600,0.31289918404958167
R-NSGA-II,187,18700,0.3121894198396325
R-NSGA-II,188,18800,0.31310795730276186
R-NSGA-II,189,18900,0.3119052581277524
R-NSGA-II,190,19000,0.3119048854204411
R-NSGA-II,191,19100,0.3119707467747892
R-NSGA-II,192,19200,0.31218453750633024
R-NSGA-II,193,19300,0.31283914950977987
R-NSGA-II,194,19400,0.31951353449195846
R-NSGA-II,195,19500,0.3195138098011214
R-NSGA-II,196,19600,0.31951398588049096
R-NSGA-II,197,19700,0.31269508576274335
R-NSGA-II,198,19800,0.31243419247957005
R-NSGA-II,199,19900,0.31243419336973793
R-NSGA-II,200,20000,0.3124341479418098
SMS-EMOA,1,100,0.28383570966842814
SMS-EMOA,2,200,0.30411281713372723
SMS-EMOA,3,300,0.3119749125378988
SMS-EMOA,4,400,0.3249853547775056
SMS-EMOA,5,500,0.3313595157236499
SMS-EMOA,6,600,0.3382161843855288
SMS-EMOA,7,700,0.33871672635611183
SMS-EMOA,8,800,0.34023186410218165
SMS-EMOA,9,900,0.34010610760179544
SMS-EMOA,10,1000,0.3401170969859612
SMS-EMOA,11,1100,0.3396743227376969
SMS-EMOA,12,1200,0.339525181906658
SMS-EMOA,13,1300,0.34244715364592143
SMS-EMOA,14,1400,0.3423640897112601
SMS-EMOA,15,1500,0.3413267589873128
SMS-EMOA,16,1600,0.3424803817199642
SMS-EMOA,17,1700,0.34239570317882717
SMS-EMOA,18,1800,0.3418817096574125
SMS-EMOA,19,1900,0.3425918348648023
SMS-EMOA,20,2000,0.3426625140530211
SMS-EMOA,21,2100,0.3435605782110556
SMS-EMOA,22,2200,0.34389082004010674
SMS-EMOA,23,2300,0.3490335482073387
SMS-EMOA,24,2400,0.3490106016071535
SMS-EMOA,25,2500,0.3492578745945169
SMS-EMOA,26,2600,0.34938314991895675
SMS-EMOA,27,2700,0.3500078389055273
SMS-EMOA,28,2800,0.3504116749566869
SMS-EMOA,29,2900,0.35080484681400415
SMS-EMOA,30,3000,0.350942698180357
SMS-EMOA,31,3100,0.35084966435190346
SMS-EMOA,32,3200,0.3507796508519509
SMS-EMOA,33,3300,0.3508081697985832
SMS-EMOA,34,3400,0.350787476029279
SMS-EMOA,35,3500,0.3508932011265696
SMS-EMOA,36,3600,0.350969478145071
SMS-EMOA,37,3700,0.35149615666697476
SMS-EMOA,38,3800,0.35074610518556437
SMS-EMOA,39,3900,0.35114614476952977
SMS-EMOA,40,4000,0.3507486848368754
SMS-EMOA,41,4100,0.35034907371142804
SMS-EMOA,42,4200,0.3509065691323252
SMS-EMOA,43,4300,0.3510964026112684
SMS-EMOA,44,4400,0.3512497639765608
SMS-EMOA,45,4500,0.35122655577512996
SMS-EMOA,46,4600,0.35183404508238403
SMS-EMOA,47,4700,0.35206630886661205
SMS-EMOA,48,4800,0.35193222181019607
SMS-EMOA,49,4900,0.351915995319288
SMS-EMOA,50,5000,0.35203050740404296
SMS-EMOA,51,5100,0.35218273179904236
SMS-EMOA,52,5200,0.352324543407588
SMS-EMOA,53,5300,0.3523013870725348
SMS-EMOA,54,5400,0.3519686969943844
SMS-EMOA,55,5500,0.35258558500203485
SMS-EMOA,56,5600,0.3524774746581455
SMS-EMOA,57,5700,0.3525797252659677
SMS-EMOA,58,5800,0.35248898580130256
SMS-EMOA,59,5900,0.35250054748410287
SMS-EMOA,60,6000,0.3529794152488589
SMS-EMOA,61,6100,0.35276711748875117
SMS-EMOA,62,6200,0.3528490078081641
SMS-EMOA,63,6300,0.3528860178329379
SMS-EMOA,64,6400,0.35301182575213136
SMS-EMOA,65,6500,0.352924481427845
SMS-EMOA,66,6600,0.35345660722111405
SMS-EMOA,67,6700,0.35372530581761885
SMS-EMOA,68,6800,0.3543276071441679
SMS-EMOA,69,6900,0.3542207417588118
SMS-EMOA,70,7000,0.3544609782486445
SMS-EMOA,71,7100,0.3543608869493994
SMS-EMOA,72,7200,0.3545924797894783
SMS-EMOA,73,7300,0.3545481196393979
SMS-EMOA,74,7400,0.35468589728261246
SMS-EMOA,75,7500,0.3545309796500358
SMS-EMOA,76,7600,0.35449421057635133
SMS-EMOA,77,7700,0.35459623357578574
SMS-EMOA,78,7800,0.3546799324287093
SMS-EMOA,79,7900,0.3547461493302706
SMS-EMOA,80,8000,0.3547517206616504
SMS-EMOA,81,8100,0.35472256923699685
SMS-EMOA,82,8200,0.3545684549357311
SMS-EMOA,83,8300,0.35468164478326974
SMS-EMOA,84,8400,0.3547467930447159
SMS-EMOA,85,8500,0.35474969283225216
SMS-EMOA,86,8600,0.3544977650514002
SMS-EMOA,87,8700,0.35430438241631723
SMS-EMOA,88,8800,0.3542413956830218
SMS-EMOA,89,8900,0.35437001611778124
SMS-EMOA,90,9000,0.3541774783456304
SMS-EMOA,91,9100,0.3542374050677723
SMS-EMOA,92,9200,0.35438100869916817
SMS-EMOA,93,9300,0.354370042294407
SMS-EMOA,94,9400,0.3542731399347286
SMS-EMOA,95,9500,0.3539873860324607
SMS-EMOA,96,9600,0.3541673771229843
SMS-EMOA,97,9700,0.35414562685594086
SMS-EMOA,98,9800,0.35383064568711803
SMS-EMOA,99,9900,0.3538377862731919
SMS-EMOA,100,10000,0.3542603559768439
SMS-EMOA,101,10100,0.35419771436641934
SMS-EMOA,102,10200,0.35419275908228115
SMS-EMOA,103,10300,0.35402193164633156
SMS-EMOA,104,10400,0.3543048990226537
SMS-EMOA,105,10500,0.35465904368715373
SMS-EMOA,106,10600,0.3542495914918721
SMS-EMOA,107,10700,0.3541948304838392
SMS-EMOA,108,10800,0.3545687331077214
SMS-EMOA,109,10900,0.3545125675696835
SMS-EMOA,110,11000,0.354575539307041
SMS-EMOA,111,11100,0.3545717043718657
SMS-EMOA,112,11200,0.35442419083797033
SMS-EMOA,113,11300,0.35429604142531834
SMS-EMOA,114,11400,0.3542588368720898
SMS-EMOA,115,11500,0.3548650766877818
SMS-EMOA,116,11600,0.3549584433721508
SMS-EMOA,117,11700,0.3551557185699356
SMS-EMOA,118,11800,0.3550490496719703
SMS-EMOA,119,11900,0.35520307926355366
SMS-EMOA,120,12000,0.3550656806252608
SMS-EMOA,121,12100,0.355192545009683
SMS-EMOA,122,12200,0.3550451864404349
SMS-EMOA,123,12300,0.35502096958171436
SMS-EMOA,124,12400,0.35473997053785455
SMS-EMOA,125,12500,0.35487843570301364
SMS-EMOA,126,12600,0.35500668650179873
SMS-EMOA,127,12700,0.3550180430321813
SMS-EMOA,128,12800,0.35523562053768737
SMS-EMOA,129,12900,0.35529671935162666
SMS-EMOA,130,13000,0.3552504200508257
SMS-EMOA,131,13100,0.35524952455202646
SMS-EMOA,132,13200,0.3549090574174285
SMS-EMOA,133,13300,0.35489477813323866
SMS-EMOA,134,13400,0.3550977204119605
SMS-EMOA,135,13500,0.3551906970525545
SMS-EMOA,136,13600,0.3546886397725252
SMS-EMOA,137,13700,0.3546151988566013
SMS-EMOA,138,13800,0.35466390574877454
SMS-EMOA,139,13900,0.35469564515093943
SMS-EMOA,140,14000,0.35481514028765904
SMS-EMOA,141,14100,0.355074666069246
SMS-EMOA,142,14200,0.35508875991398087
SMS-EMOA,143,14300,0.35509588321169516
SMS-EMOA,144,14400,0.35515004127631483
SMS-EMOA,145,14500,0.35500502432992975
SMS-EMOA,146,14600,0.3547829667433922
SMS-EMOA,147,14700,0.35479781800272686
SMS-EMOA,148,14800,0.355114469670351
SMS-EMOA,149,14900,0.35494878863832835
SMS-EMOA,150,15000,0.3552776703946647
SMS-EMOA,151,15100,0.3553865898042738
SMS-EMOA,152,15200,0.3555013175810723
SMS-EMOA,153,15300,0.35538721677723056
SMS-EMOA,154,15400,0.355377915115794
SMS-EMOA,155,15500,0.35540832855808185
SMS-EMOA,156,15600,0.3554368203634774
SMS-EMOA,157,15700,0.35541973388679304
SMS-EMOA,158,15800,0.35501587588915073
SMS-EMOA,159,15900,0.35486054299288405
SMS-EMOA,160,16000,0.3548488359976308
SMS-EMOA,161,16100,0.354792221003522
SMS-EMOA,162,16200,0.3546264486831619
SMS-EMOA,163,16300,0.35451006231813503
SMS-EMOA,164,16400,0.3543852785931704
SMS-EMOA,165,16500,0.35476064315867806
SMS-EMOA,166,16600,0.3548230100165345
SMS-EMOA,167,16700,0.3548341362155479
SMS-EMOA,168,16800,0.3543947593012152
SMS-EMOA,169,16900,0.35475767388270063
SMS-EMOA,170,17000,0.35506655693471123
SMS-EMOA,171,17100,0.35492623131075385
SMS-EMOA,172,17200,0.35490527424893037
SMS-EMOA,173,17300,0.3549260675184147
SMS-EMOA,174,17400,0.35533993043212475
SMS-EMOA,175,17500,0.3555186940416528
SMS-EMOA,176,17600,0.35500474632828743
SMS-EMOA,177,17700,0.3551420602329039
SMS-EMOA,178,17800,0.35536859250021013
SMS-EMOA,179,17900,0.3550270231382562
SMS-EMOA,180,18000,0.354933143944859
SMS-EMOA,181,18100,0.35507843669037503
SMS-EMOA,182,18200,0.3548173480262976
SMS-EMOA,183,18300,0.35476699743812956
SMS-EMOA,184,18400,0.3548344420651723
SMS-EMOA,185,18500,0.3547852196089196
SMS-EMOA,186,18600,0.3548511624730313
SMS-EMOA,187,18700,0.35505750350747284
SMS-EMOA,188,18800,0.35541872074450725
SMS-EMOA,189,18900,0.35517245065905695
SMS-EMOA,190,19000,0.3549834200131249
SMS-EMOA,191,19100,0.3551513814698266
SMS-EMOA,192,19200,0.35496651932941686
SMS-EMOA,193,19300,0.3549934754922425
SMS-EMOA,194,19400,0.3550116171949633
SMS-EMOA,195,19500,0.35505445318583184
SMS-EMOA,196,19600,0.35496635055254727
SMS-EMOA,197,19700,0.3549839749158614
SMS-EMOA,198,19800,0.3547951889909238
SMS-EMOA,199,19900,0.355291443188327
SMS-EMOA,200,20000,0.3552157388607298
AGE-MOEA,1,100,0.25439274052793764
AGE-MOEA,2,200,0.2905731276813467
AGE-MOEA,3,300,0.29554826345649465
AGE-MOEA,4,400,0.30193706338520976
AGE-MOEA,5,500,0.30488129503099404
AGE-MOEA,6,600,0.3161561231560527
AGE-MOEA,7,700,0.31812364422747247
AGE-MOEA,8,800,0.33007556911152186
AGE-MOEA,9,900,0.3338037705858318
AGE-MOEA,10,1000,0.3346616147674886
AGE-MOEA,11,1100,0.33490965048942134
AGE-MOEA,12,1200,0.3360988506204641
AGE-MOEA,13,1300,0.3366424366611482
AGE-MOEA,14,1400,0.3365754920482399
AGE-MOEA,15,1500,0.33639975044714343
AGE-MOEA,16,1600,0.33316306848456007
AGE-MOEA,17,1700,0.3319729898629628
AGE-MOEA,18,1800,0.33198007230939786
AGE-MOEA,19,1900,0.33197687166111833
AGE-MOEA,20,2000,0.3318601432970314
AGE-MOEA,21,2100,0.3358900214302636
AGE-MOEA,22,2200,0.3368511500211513
AGE-MOEA,23,2300,0.3375396403353163
AGE-MOEA,24,2400,0.33779976100582765
AGE-MOEA,25,2500,0.3373856359777254
AGE-MOEA,26,2600,0.3382057439000087
AGE-MOEA,27,2700,0.33983002642037563
AGE-MOEA,28,2800,0.3398723431592607
AGE-MOEA,29,2900,0.34008422809076844
AGE-MOEA,30,3000,0.34035025193913415
AGE-MOEA,31,3100,0.3407964955236789
AGE-MOEA,32,3200,0.3405869034382832
AGE-MOEA,33,3300,0.3425910117315339
AGE-MOEA,34,3400,0.34202057469517083
AGE-MOEA,35,3500,0.345076144018547
AGE-MOEA,36,3600,0.345566434043444
AGE-MOEA,37,3700,0.34454825269936246
AGE-MOEA,38,3800,0.3446642842133353
AGE-MOEA,39,3900,0.34466054266827306
AGE-MOEA,40,4000,0.3446679350049779
AGE-MOEA,41,4100,0.34484876163009925
AGE-MOEA,42,4200,0.34483092028570006
AGE-MOEA,43,4300,0.3445630002869055
AGE-MOEA,44,4400,0.3454731323619609
AGE-MOEA,45,4500,0.3453697584199379
AGE-MOEA,46,4600,0.34538805036702747
AGE-MOEA,47,4700,0.34542628942084097
AGE-MOEA,48,4800,0.34510495435930244
AGE-MOEA,49,4900,0.3484441392895265
AGE-MOEA,50,5000,0.3483923405011951
AGE-MOEA,51,5100,0.34853336787520256
AGE-MOEA,52,5200,0.34992837898775564
AGE-MOEA,53,5300,0.3495708323840157
AGE-MOEA,54,5400,0.34846805597265
AGE-MOEA,55,5500,0.34843283918774426
AGE-MOEA,56,5600,0.34852532026612404
AGE-MOEA,57,5700,0.34876626692779167
AGE-MOEA,58,5800,0.3489062973194107
AGE-MOEA,59,5900,0.3501483794732515
AGE-MOEA,60,6000,0.349988784968961
AGE-MOEA,61,6100,0.3499118114835489
AGE-MOEA,62,6200,0.3498234424696932
AGE-MOEA,63,6300,0.3487492735214432
AGE-MOEA,64,6400,0.3486595841788843
AGE-MOEA,65,6500,0.3485826568456364
AGE-MOEA,66,6600,0.3478198433788646
AGE-MOEA,67,6700,0.3479281316120028
AGE-MOEA,68,6800,0.3476241305290527
AGE-MOEA,69,6900,0.3476440854512701
AGE-MOEA,70,7000,0.3478247818554707
AGE-MOEA,71,7100,0.34807486204932403
AGE-MOEA,72,7200,0.34761532969522096
AGE-MOEA,73,7300,0.34771569751977843
AGE-MOEA,74,7400,0.34791819596231977
AGE-MOEA,75,7500,0.34805867079320296
AGE-MOEA,76,7600,0.34618555171948884
AGE-MOEA,77,7700,0.34659452520924827
AGE-MOEA,78,7800,0.3463145537951727
AGE-MOEA,79,7900,0.34600103251603886
AGE-MOEA,80,8000,0.34627347053481927
AGE-MOEA,81,8100,0.34707479968897026
AGE-MOEA,82,8200,0.34758605134786835
AGE-MOEA,83,8300,0.348008245387871
AGE-MOEA,84,8400,0.3488582901992826
AGE-MOEA,85,8500,0.3489225757355002
AGE-MOEA,86,8600,0.3487888773315234
AGE-MOEA,87,8700,0.34870351863443216
AGE-MOEA,88,8800,0.3482732704728274
AGE-MOEA,89,8900,0.348191757761355
AGE-MOEA,90,9000,0.3478859679149352
AGE-MOEA,91,9100,0.34776137949599395
AGE-MOEA,92,9200,0.3478734798672174
AGE-MOEA,93,9300,0.34852094933371675
AGE-MOEA,94,9400,0.3488854307457365
AGE-MOEA,95,9500,0.3490603802475667
AGE-MOEA,96,9600,0.34901336657691956
AGE-MOEA,97,9700,0.3485167237499867
AGE-MOEA,98,9800,0.3485399884510589
AGE-MOEA,99,9900,0.3481058297770371
AGE-MOEA,100,10000,0.34795992514611024
AGE-MOEA,101,10100,0.3480821606755775
AGE-MOEA,102,10200,0.3482167558867534
AGE-MOEA,103,10300,0.3483619946964831
AGE-MOEA,104,10400,0.3452271611924965
AGE-MOEA,105,10500,0.3454983272970254
AGE-MOEA,106,10600,0.3459350221924427
AGE-MOEA,107,10700,0.3458165401038045
AGE-MOEA,108,10800,0.34708307747924555
AGE-MOEA,109,10900,0.3460117852971499
AGE-MOEA,110,11000,0.34587617366944423
AGE-MOEA,111,11100,0.3462044812386906
AGE-MOEA,112,11200,0.34647431579703963
AGE-MOEA,113,11300,0.3464879449964523
AGE-MOEA,114,11400,0.3461094908830393
AGE-MOEA,115,11500,0.34608143314505213
AGE-MOEA,116,11600,0.34637172149052753
AGE-MOEA,117,11700,0.3462844027899815
AGE-MOEA,118,11800,0.3454138152166715
AGE-MOEA,119,11900,0.34564251365785953
AGE-MOEA,120,12000,0.3471667191127916
AGE-MOEA,121,12100,0.347285028491912
AGE-MOEA,122,12200,0.3471807983045788
AGE-MOEA,123,12300,0.3476717054857209
AGE-MOEA,124,12400,0.3479206549166643
AGE-MOEA,125,12500,0.34742538119372396
AGE-MOEA,126,12600,0.3475263107055256
AGE-MOEA,127,12700,0.3477223175982306
AGE-MOEA,128,12800,0.34700909463178836
AGE-MOEA,129,12900,0.34868001493845746
AGE-MOEA,130,13000,0.34556428199801786
AGE-MOEA,131,13100,0.3453041662141247
AGE-MOEA,132,13200,0.3468243446751568
AGE-MOEA,133,13300,0.348408556617666
AGE-MOEA,134,13400,0.3477964578880484
AGE-MOEA,135,13500,0.34783928922232105
AGE-MOEA,136,13600,0.3476796079498058
AGE-MOEA,137,13700,0.3477191918655787
AGE-MOEA,138,13800,0.3479936425783577
AGE-MOEA,139,13900,0.3480432896956961
AGE-MOEA,140,14000,0.3476355850029979
AGE-MOEA,141,14100,0.34788352328526584
AGE-MOEA,142,14200,0.3478544639207416
AGE-MOEA,143,14300,0.347907198262559
AGE-MOEA,144,14400,0.34778344340958456
AGE-MOEA,145,14500,0.3491437200130831
AGE-MOEA,146,14600,0.34811730759425175
AGE-MOEA,147,14700,0.3481272623169039
AGE-MOEA,148,14800,0.34872589557994493
AGE-MOEA,149,14900,0.34860022491461273
AGE-MOEA,150,15000,0.3490661793931154
AGE-MOEA,151,15100,0.34956359005727217
AGE-MOEA,152,15200,0.3495066812433978
AGE-MOEA,153,15300,0.3493962260696193
AGE-MOEA,154,15400,0.349298892932411
AGE-MOEA,155,15500,0.349279389460993
AGE-MOEA,156,15600,0.3494757252021048
AGE-MOEA,157,15700,0.3498833054991173
AGE-MOEA,158,15800,0.34983132726929184
AGE-MOEA,159,15900,0.35002012346138617
AGE-MOEA,160,16000,0.34981664897555187
AGE-MOEA,161,16100,0.3493617327593989
AGE-MOEA,162,16200,0.34932262836291045
AGE-MOEA,163,16300,0.3494043262989367
AGE-MOEA,164,16400,0.34938584095535435
AGE-MOEA,165,16500,0.34971110029420666
AGE-MOEA,166,16600,0.34959470321720737
AGE-MOEA,167,16700,0.3497349845047642
AGE-MOEA,168,16800,0.35108766211397574
AGE-MOEA,169,16900,0.3510934107610775
AGE-MOEA,170,17000,0.349797318524191
AGE-MOEA,171,17100,0.3501106467668149
AGE-MOEA,172,17200,0.34994519997044476
AGE-MOEA,173,17300,0.3499659509897306
AGE-MOEA,174,17400,0.34988972936177315
AGE-MOEA,175,17500,0.35004070882736266
AGE-MOEA,176,17600,0.34989360962826244
AGE-MOEA,177,17700,0.34994126819032545
AGE-MOEA,178,17800,0.34992512957934063
AGE-MOEA,179,17900,0.34977334730444165
AGE-MOEA,180,18000,0.34959993356654023
AGE-MOEA,181,18100,0.3494241694492822
AGE-MOEA,182,18200,0.3495907997366291
AGE-MOEA,183,18300,0.34983818149860835
AGE-MOEA,184,18400,0.34991488685418976
AGE-MOEA,185,18500,0.3497763215022501
AGE-MOEA,186,18600,0.3498283103904136
AGE-MOEA,187,18700,0.34972140816413705
AGE-MOEA,188,18800,0.35000550251902407
AGE-MOEA,189,18900,0.3498138976974323
AGE-MOEA,190,19000,0.34988999587057384
AGE-MOEA,191,19100,0.34993073679683007
AGE-MOEA,192,19200,0.3498358082620539
AGE-MOEA,193,19300,0.3499555763623001
AGE-MOEA,194,19400,0.34994905286100947
AGE-MOEA,195,19500,0.3509721671627351
AGE-MOEA,196,19600,0.35107935440162386
AGE-MOEA,197,19700,0.34989828919240296
AGE-MOEA,198,19800,0.349653274423371
AGE-MOEA,199,19900,0.35000454210170395
AGE-MOEA,200,20000,0.34989107925161184
