feature_set,target,model,train_rows,val_rows,positive_rate_train,positive_rate_val,val_uncalibrated_roc_auc,val_uncalibrated_pr_auc,val_uncalibrated_f1_at_0_5,val_uncalibrated_precision_at_0_5,val_uncalibrated_recall_at_0_5,val_uncalibrated_brier_score,val_uncalibrated_ece,val_uncalibrated_precision_at_1pct,val_uncalibrated_recall_at_1pct,val_uncalibrated_lift_at_1pct,val_uncalibrated_precision_at_5pct,val_uncalibrated_recall_at_5pct,val_uncalibrated_lift_at_5pct,val_uncalibrated_precision_at_10pct,val_uncalibrated_recall_at_10pct,val_uncalibrated_lift_at_10pct,val_calibrated_roc_auc,val_calibrated_pr_auc,val_calibrated_f1_at_0_5,val_calibrated_precision_at_0_5,val_calibrated_recall_at_0_5,val_calibrated_brier_score,val_calibrated_ece,val_calibrated_precision_at_1pct,val_calibrated_recall_at_1pct,val_calibrated_lift_at_1pct,val_calibrated_precision_at_5pct,val_calibrated_recall_at_5pct,val_calibrated_lift_at_5pct,val_calibrated_precision_at_10pct,val_calibrated_recall_at_10pct,val_calibrated_lift_at_10pct,pr_auc,roc_auc,brier_score,ece
strict_ex_ante_enhanced,y_cri_high,sgd_logistic,119997,40000,0.394351525454803,0.393975,0.8742958826586631,0.8069345090432586,0.7671531851043514,0.6728560490045942,0.8921885906466146,0.1816497882174185,0.1713387854859152,0.975,0.02474776318294308,2.4747763182943077,0.91,0.11548956152040105,2.309791230408021,0.8945,0.22704486325274445,2.270448632527444,0.8778612710705967,0.7989042267709036,0.7761326358719745,0.7263524726186525,0.8332381496287835,0.13411396234209816,1.0064032940348966e-16,0.995,0.025255409607208578,2.525540960720858,0.916,0.11625103115679929,2.325020623135986,0.8945,0.22704486325274445,2.270448632527444,0.7989042267709036,0.8778612710705967,0.13411396234209816,1.0064032940348966e-16
strict_ex_ante_enhanced,y_cri_high,lightgbm,119997,40000,0.394351525454803,0.393975,0.9330610162924456,0.9037087274927784,0.8317081220558673,0.7888446215139442,0.8794974300399772,0.10245320893087333,0.04512637660363661,1.0,0.025382321213274953,2.5382321213274954,0.999,0.1267846944603084,2.5356938892061676,0.995,0.2525540960720858,2.525540960720858,0.9335810444645081,0.8996296521730336,0.8289768483943242,0.8133357757831104,0.845231296402056,0.09874505319802974,2.4218561184286003e-17,1.0,0.025382321213274953,2.5382321213274954,1.0,0.12691160606637478,2.5382321213274954,0.99575,0.25274446348118534,2.5274446348118533,0.8996296521730336,0.9335810444645081,0.09874505319802974,2.4218561184286003e-17
strict_ex_ante_enhanced,y_cri_high,xgboost,119997,40000,0.394351525454803,0.393975,0.9303502145428372,0.8996460984966198,0.8301070097390886,0.7886229938888571,0.8761977282822514,0.10462416708469391,0.046926626159437,1.0,0.025382321213274953,2.5382321213274954,0.9985,0.12672123865727522,2.534424773145504,0.9945,0.2524271844660194,2.5242718446601944,0.9308580428976464,0.8945850914841768,0.8297055057618438,0.7984509769406795,0.863506567675614,0.10065005380195946,2.8549037407963973e-06,1.0,0.025382321213274953,2.5382321213274954,0.9995,0.1268481502633416,2.5369630052668315,0.996,0.25280791928421853,2.5280791928421853,0.8945850914841768,0.9308580428976464,0.10065005380195946,2.8549037407963973e-06
strict_ex_ante_enhanced,y_proc_high,sgd_logistic,94204,31412,0.2731837289287079,0.2740354004838915,0.9841598080401013,0.950636308737661,0.9284807936324836,0.9219931271477664,0.9350604089219331,0.037526494243982064,0.038045796475755025,0.9365079365079365,0.03427044609665428,3.417470643771759,0.9669000636537237,0.17646375464684014,3.5283764869296896,0.9783577339274347,0.35710966542750927,3.570187399875532,0.9877990491461421,0.9665727827820594,0.9316620879120879,0.9182084837545126,0.9455157992565055,0.030558281287451652,3.278148017763379e-17,1.0,0.03659386617100372,3.649163568773234,1.0,0.1825046468401487,3.649163568773234,1.0,0.3650092936802974,3.649163568773234,0.9665727827820594,0.9877990491461421,0.030558281287451652,3.278148017763379e-17
strict_ex_ante_enhanced,y_proc_high,lightgbm,94204,31412,0.2731837289287079,0.2740354004838915,0.999722091796163,0.9994259794076085,0.9884937843307314,0.9839990790836882,0.9930297397769516,0.004981948545232179,0.004203698092387956,1.0,0.03659386617100372,3.649163568773234,1.0,0.1825046468401487,3.649163568773234,1.0,0.3650092936802974,3.649163568773234,0.999770258645845,0.999377603661498,0.9899013348810215,0.9890976571561123,0.9907063197026023,0.0042548118839853015,2.0799893352601066e-18,1.0,0.03659386617100372,3.649163568773234,1.0,0.1825046468401487,3.649163568773234,1.0,0.3650092936802974,3.649163568773234,0.999377603661498,0.999770258645845,0.0042548118839853015,2.0799893352601066e-18
strict_ex_ante_enhanced,y_proc_high,xgboost,94204,31412,0.2731837289287079,0.2740354004838915,0.9996599130035884,0.9992724800964781,0.9875101191164566,0.983076214598204,0.9919842007434945,0.0055359601974487305,0.005477374477547846,1.0,0.03659386617100372,3.649163568773234,1.0,0.1825046468401487,3.649163568773234,1.0,0.3650092936802974,3.649163568773234,0.9997192695397141,0.9992015033817975,0.9890045959625342,0.9905605407295187,0.987453531598513,0.004599753343815833,7.00573469426241e-08,1.0,0.03659386617100372,3.649163568773234,1.0,0.1825046468401487,3.649163568773234,1.0,0.3650092936802974,3.649163568773234,0.9992015033817975,0.9997192695397141,0.004599753343815833,7.00573469426241e-08
strict_ex_ante_enhanced,y_buyer_concentration_high,sgd_logistic,65345,21842,0.2517407605784681,0.24910722461313067,0.6844873913971092,0.379825786590364,0.4685388610562118,0.31239274331944106,0.9367763278809043,0.4920343787439013,0.4972041468809226,0.54337899543379,0.021870979599338355,2.1813056457020474,0.4556267154620311,0.09152729277706304,1.8290385442237975,0.43661327231121283,0.17533541628377136,1.7527122025034938,0.688130156577858,0.3740834583995339,0.03971631205673759,0.5628140703517588,0.02058445138761257,0.17023900707028494,4.6913301921883906e-17,0.547945205479452,0.02205476934387061,2.199635945245762,0.4583714547118024,0.09207866201065981,1.8400568487070736,0.43935926773455375,0.1764381547509649,1.7637355496890503,0.3740834583995339,0.688130156577858,0.17023900707028494,4.6913301921883906e-17
strict_ex_ante_enhanced,y_buyer_concentration_high,lightgbm,65345,21842,0.2517407605784681,0.24910722461313067,0.7697169746632485,0.49220065631577203,0.5308321433207841,0.4103361766181636,0.7515162653923911,0.19768018887981662,0.1869975092771225,0.6940639269406392,0.027936041168902775,2.7862055306446316,0.6358645928636779,0.1277338724499173,2.552573871958914,0.5697940503432495,0.2288182319426576,2.2873445410029873,0.771240201788387,0.4871158244614776,0.2527086383601757,0.6213102951763859,0.15861054953133616,0.1551196267015592,7.166992330013144e-19,0.6894977168949772,0.02775225142437052,2.767875231100917,0.6376944190301921,0.12810145193898181,2.559919408281098,0.5729977116704805,0.2301047601543834,2.30020511271947,0.4871158244614776,0.771240201788387,0.1551196267015592,7.166992330013144e-19
strict_ex_ante_enhanced,y_buyer_concentration_high,xgboost,65345,21842,0.2517407605784681,0.24910722461313067,0.7696435584989108,0.494642696859851,0.5299600532623169,0.40454985479186834,0.7680573424002941,0.1986318975687027,0.1894488052560789,0.7031963470319634,0.028303620657967286,2.822866129732061,0.6358645928636779,0.1277338724499173,2.552573871958914,0.5780320366132723,0.23212644734423818,2.320414582559657,0.7710543893593301,0.4897754053459008,0.36160882094975566,0.5681102362204724,0.2652086013600441,0.1550878263205303,1.3182257673504619e-08,0.7351598173515982,0.02959014886969307,2.9511782265380644,0.6404391582799634,0.12865282117257856,2.5709377127643744,0.5812356979405034,0.23341297555596396,2.33327515427614,0.4897754053459008,0.7710543893593301,0.1550878263205303,1.3182257673504619e-08
strict_ex_ante_enhanced,y_single_bid,sgd_logistic,58976,19711,0.26458220293000545,0.25965197098067067,0.7356001195067832,0.5439228320743323,0.46046997389033945,0.3142103762827822,0.8614693239546698,0.40429481088615365,0.4349435373744883,0.7424242424242424,0.028722157092614303,2.8593052447097,0.7961460446247465,0.15338022665103557,3.066204510667913,0.6668356997971603,0.25693630324345446,2.5681904022473288,0.7430455409801447,0.5387253421369446,0.4861301156860306,0.6689489900718932,0.381789761625635,0.15418870846692434,3.373166322725334e-17,0.8080808080808081,0.03126221180148495,3.112168973833687,0.8052738336713996,0.1551387260648691,3.1013584477328955,0.7434077079107505,0.2864400156311059,2.863092874292459,0.5387253421369446,0.7430455409801447,0.15418870846692434,3.373166322725334e-17
strict_ex_ante_enhanced,y_single_bid,lightgbm,58976,19711,0.26458220293000545,0.25965197098067067,0.8294781898648084,0.739481751863048,0.6420274551214361,0.6310624646159653,0.6533802266510356,0.1492646992779429,0.1577578993431814,0.9949494949494949,0.038491598280578354,3.8318580490327268,0.9939148073022313,0.19148104728409535,3.827873147075866,0.949290060851927,0.365767878077374,3.6560094547581743,0.8306728627136508,0.7274309560505201,0.6242022582228768,0.8392739273927393,0.4968737788198515,0.11901273947510602,2.036432116854677e-17,1.0,0.038686987104337635,3.8513091051191877,0.9949290060851927,0.19167643610785462,3.8317791400830865,0.9503042596348884,0.36615865572489253,3.6599154477653943,0.7274309560505201,0.8306728627136508,0.11901273947510602,2.036432116854677e-17
strict_ex_ante_enhanced,y_single_bid,xgboost,58976,19711,0.26458220293000545,0.25965197098067067,0.8287700610283126,0.7383615575925363,0.6417433414043584,0.6362588822738621,0.6473231731144978,0.14973312616348267,0.15922373923562408,0.9949494949494949,0.038491598280578354,3.8318580490327268,0.9939148073022313,0.19148104728409535,3.827873147075866,0.9477687626774848,0.36518171160609614,3.6501504652473438,0.8301326815034706,0.7292891842463401,0.6243256498283473,0.8380513495720869,0.49745994529112936,0.11936723218581363,2.740056758295113e-09,1.0,0.038686987104337635,3.8513091051191877,0.9939148073022313,0.19148104728409535,3.827873147075866,0.9487829614604463,0.3655724892536147,3.654056458254564,0.7292891842463401,0.8301326815034706,0.11936723218581363,2.740056758295113e-09
strict_ex_ante_enhanced,y_no_call_for_tender,sgd_logistic,83696,27907,0.33584639648250814,0.3366180528182893,0.7872069935814686,0.6376239288347922,0.632289375900508,0.49104829210836276,0.8875878220140515,0.30513799416287396,0.30225047500551,0.7821428571428571,0.023312752820949544,2.3235321177651387,0.8373925501432665,0.12444113263785395,2.4876638169946923,0.7832318165532067,0.2327017245050032,2.3267671177933082,0.7923867600601187,0.6293564996318071,0.5810459731164577,0.6188642925890279,0.5475835639770066,0.16950377620807125,7.45303891463928e-17,0.6178571428571429,0.018416010219288906,1.835484275677484,0.8696275071633238,0.12923142431339152,2.5834250417720757,0.7835901110713006,0.23280817543112625,2.3278315126321893,0.6293564996318071,0.7923867600601187,0.16950377620807125,7.45303891463928e-17
strict_ex_ante_enhanced,y_no_call_for_tender,lightgbm,83696,27907,0.33584639648250814,0.3366180528182893,0.9666874295710657,0.9390935243858733,0.8396161076481646,0.7842883548983364,0.903342559080264,0.07391090764717667,0.047909006616698134,1.0,0.029806259314456036,2.970725995316159,0.998567335243553,0.14839259101554184,2.9664699408816086,0.9992834109638122,0.2968916329572067,2.968597205638398,0.9670935536831278,0.9366296231134978,0.8491158486200628,0.8798949651786734,0.8204172876304023,0.06794530243146164,5.0731228759881014e-17,1.0,0.029806259314456036,2.970725995316159,1.0,0.14860549286778796,2.970725995316159,0.9996417054819061,0.29699808388332977,2.9696616004772785,0.9366296231134978,0.9670935536831278,0.06794530243146164,5.0731228759881014e-17
strict_ex_ante_enhanced,y_no_call_for_tender,xgboost,83696,27907,0.33584639648250814,0.3366180528182893,0.9621621123230979,0.9317056479881282,0.8302205444069144,0.7782641087725833,0.8896103896103896,0.07968707382678986,0.056215237590967256,1.0,0.029806259314456036,2.970725995316159,0.9992836676217765,0.14849904194166488,2.9685979680988837,0.9992834109638122,0.2968916329572067,2.968597205638398,0.9627867359742524,0.9279543935530111,0.8389475448298978,0.8826848477724227,0.7993400042580371,0.07202225419876358,9.336678169266304e-09,1.0,0.029806259314456036,2.970725995316159,1.0,0.14860549286778796,2.970725995316159,1.0,0.29710453480945287,2.970725995316159,0.9279543935530111,0.9627867359742524,0.07202225419876358,9.336678169266304e-09
strict_ex_ante,y_cri_high,sgd_logistic,119997,40000,0.394351525454803,0.393975,0.5306007370898964,0.4549185059776849,0.571780223010085,0.4023734422669218,0.9875626626054953,0.5576994915090902,0.5496275617357675,0.695,0.017640713243226094,1.7640713243226092,0.566,0.07183196903356812,1.4366393806713622,0.5945,0.1508978996129196,1.508978996129196,0.5862183348874259,0.46132303609511094,0.2544074314538281,0.5973264540337712,0.16162193032552827,0.23041633587958749,2.499146722900747e-16,0.745,0.01890982930388984,1.890982930388984,0.6785,0.08610952471603528,1.7221904943207056,0.5955,0.15115172282505235,1.5115172282505236,0.46132303609511094,0.5862183348874259,0.23041633587958749,2.499146722900747e-16
strict_ex_ante,y_cri_high,lightgbm,119997,40000,0.394351525454803,0.393975,0.9313461638553542,0.9011290668686587,0.8302304699191859,0.7857345192906917,0.8800685322672759,0.10373209896882116,0.04811851353087653,1.0,0.025382321213274953,2.5382321213274954,0.9985,0.12672123865727522,2.534424773145504,0.99375,0.25223681705691986,2.5223681705691985,0.9319034681560909,0.8961529008095365,0.8300085668828785,0.8014180206794682,0.8607145123421537,0.09972625159287477,3.8943240993072335e-17,1.0,0.025382321213274953,2.5382321213274954,0.999,0.1267846944603084,2.5356938892061676,0.9945,0.2524271844660194,2.5242718446601944,0.8961529008095365,0.9319034681560909,0.09972625159287477,3.8943240993072335e-17
strict_ex_ante,y_cri_high,xgboost,119997,40000,0.394351525454803,0.393975,0.9262711838518114,0.8935614165960248,0.8255673587638822,0.7871324164124993,0.867948473887937,0.1078200712800026,0.04966928271949292,0.9975,0.025318865410241767,2.5318865410241767,0.9985,0.12672123865727522,2.534424773145504,0.98575,0.25020623135985787,2.5020623135985787,0.9268549976578209,0.8885425999247419,0.824817069421386,0.800023856384565,0.8511961418871756,0.10350838631262647,1.5005513129278522e-05,1.0,0.025382321213274953,2.5382321213274954,0.9985,0.12672123865727522,2.534424773145504,0.98525,0.2500793197537915,2.5007931975379147,0.8885425999247419,0.9268549976578209,0.10350838631262647,1.5005513129278522e-05
strict_ex_ante,y_proc_high,sgd_logistic,94204,31412,0.2731837289287079,0.2740354004838915,0.7704968183083056,0.5290753669809819,0.5812424184383579,0.6452161587526577,0.5288104089219331,0.18227986653925635,0.1477510074572654,0.6190476190476191,0.022653345724907063,2.2590060187643832,0.5792488860598345,0.10571561338289963,2.113773932262026,0.5649267982176958,0.206203531598513,2.061510291079723,0.7834705223362952,0.5429004265013063,0.5815838172420394,0.645193260654113,0.5293912639405205,0.15263027099638027,1.7750155378662977e-17,0.7333333333333333,0.02683550185873606,2.676053283767038,0.7027371101209421,0.12825278810408922,2.564402660678326,0.6807765754296626,0.24848977695167287,2.4842650775321284,0.5429004265013063,0.7834705223362952,0.15263027099638027,1.7750155378662977e-17
strict_ex_ante,y_proc_high,lightgbm,94204,31412,0.2731837289287079,0.2740354004838915,0.9996590113079359,0.9993739362501404,0.9880897317298798,0.9835405156537753,0.9926812267657993,0.004969539836863383,0.0045163399269052655,1.0,0.03659386617100372,3.649163568773234,1.0,0.1825046468401487,3.649163568773234,1.0,0.3650092936802974,3.649163568773234,0.9997209710445045,0.9993271657226951,0.9898954703832753,0.9896655829075708,0.9901254646840149,0.004247667951399324,4.3318384520444657e-19,1.0,0.03659386617100372,3.649163568773234,1.0,0.1825046468401487,3.649163568773234,1.0,0.3650092936802974,3.649163568773234,0.9993271657226951,0.9997209710445045,0.004247667951399324,4.3318384520444657e-19
strict_ex_ante,y_proc_high,xgboost,94204,31412,0.2731837289287079,0.2740354004838915,0.9993732196350473,0.9986626662185281,0.9819290976058932,0.972969890510949,0.9910548327137546,0.008339987136423588,0.013516156446659752,1.0,0.03659386617100372,3.649163568773234,1.0,0.1825046468401487,3.649163568773234,1.0,0.3650092936802974,3.649163568773234,0.9994584910061105,0.9985545904890982,0.9860513774264791,0.986624796464294,0.985478624535316,0.006291522830892765,3.2191859159906896e-08,1.0,0.03659386617100372,3.649163568773234,1.0,0.1825046468401487,3.649163568773234,1.0,0.3650092936802974,3.649163568773234,0.9985545904890982,0.9994584910061105,0.006291522830892765,3.2191859159906896e-08
strict_ex_ante,y_buyer_concentration_high,sgd_logistic,65345,21842,0.2517407605784681,0.24910722461313067,0.643011617683579,0.3352465486322383,0.4562730362356996,0.3084789644012945,0.8759419224407278,0.46099437071015587,0.4531176373749688,0.45662100456621,0.01837897445322551,1.8330299543714683,0.3458371454711802,0.06947252343319243,1.388306364892762,0.37528604118993136,0.1507075905164492,1.5065241153593973,0.6480720269778826,0.3356378239286211,0.015245009074410164,0.6086956521739131,0.007719169270354714,0.17412389311987167,3.172077130565813e-17,0.4657534246575342,0.01874655394229002,1.8696905534588977,0.3677950594693504,0.07388347730196655,1.4764528007589692,0.37803203661327234,0.15181032898364272,1.5175474625449539,0.3356378239286211,0.6480720269778826,0.17412389311987167,3.172077130565813e-17
strict_ex_ante,y_buyer_concentration_high,lightgbm,65345,21842,0.2517407605784681,0.24910722461313067,0.7710914700412799,0.49295792843460945,0.5306070287539936,0.40669997061416396,0.7630950192979232,0.19719573778224447,0.18701692323199845,0.7077625570776256,0.028487410402499542,2.841196429275776,0.62580054894785,0.12571218526006248,2.512173422186903,0.5720823798627003,0.22973718066531887,2.296530663657618,0.772438460271579,0.4881871253662239,0.27684016451567156,0.6062111801242236,0.17937879066348097,0.1548761786730448,8.531452970855628e-19,0.726027397260274,0.02922256938062856,2.9145176274506346,0.6349496797804208,0.12755008270538504,2.548901103797822,0.577116704805492,0.2317588678551737,2.316740133497805,0.4881871253662239,0.772438460271579,0.1548761786730448,8.531452970855628e-19
strict_ex_ante,y_buyer_concentration_high,xgboost,65345,21842,0.2517407605784681,0.24910722461313067,0.7695989137612596,0.49334081512610095,0.5313169502205419,0.40425735928660467,0.7748575629479875,0.1984294056892395,0.19004125074940456,0.730593607305936,0.029406359125160816,2.932847926994349,0.6276303751143641,0.126079764749127,2.519518958509087,0.5688787185354691,0.22845065245359308,2.283670091941135,0.7708331323255568,0.48820533678937506,0.30087527352297594,0.5879208979155531,0.2021687189854806,0.15516590113920967,1.3292487139149399e-07,0.726027397260274,0.02922256938062856,2.9145176274506346,0.6303751143641354,0.12663113398272377,2.530537262992363,0.5752860411899313,0.23102370887704465,2.3093912353741004,0.48820533678937506,0.7708331323255568,0.15516590113920967,1.3292487139149399e-07
strict_ex_ante,y_single_bid,sgd_logistic,58976,19711,0.26458220293000545,0.25965197098067067,0.6966626067887018,0.43760053749474553,0.451414169700364,0.432171581769437,0.47245017584994137,0.2031406113814168,0.1581195169077274,0.5252525252525253,0.02032043767096522,2.0229098329918966,0.577079107505071,0.11117624071903087,2.2225100211083344,0.5725152129817445,0.22059398202422822,2.2049330525758433,0.7054383204760712,0.43963360113899475,0.36005929120064684,0.5801128962223188,0.2610394685423994,0.17058986415033817,2.825264416579466e-17,0.6818181818181818,0.02637749120750293,2.625892571672173,0.577079107505071,0.11117624071903087,2.2225100211083344,0.5745436105476673,0.22137553731926535,2.212745038590284,0.43963360113899475,0.7054383204760712,0.17058986415033817,2.825264416579466e-17
strict_ex_ante,y_single_bid,lightgbm,58976,19711,0.26458220293000545,0.25965197098067067,0.8276860768251235,0.7370192014828925,0.6455794157477268,0.639272030651341,0.6520125048847206,0.14911599937756387,0.15625834572285136,0.9949494949494949,0.038491598280578354,3.8318580490327268,0.9949290060851927,0.19167643610785462,3.8317791400830865,0.9482758620689655,0.36537710042985544,3.652103461750954,0.8288383661118739,0.7282565762469804,0.6227133210558625,0.8377931945820944,0.49550605705353656,0.11960100632797999,1.9708134357279806e-17,0.9949494949494949,0.038491598280578354,3.8318580490327268,0.9959432048681541,0.19187182493161392,3.8356851330903066,0.9477687626774848,0.36518171160609614,3.6501504652473438,0.7282565762469804,0.8288383661118739,0.11960100632797999,1.9708134357279806e-17
strict_ex_ante,y_single_bid,xgboost,58976,19711,0.26458220293000545,0.25965197098067067,0.8277213507137136,0.7367035076993016,0.6440710886666019,0.6402780459548175,0.6479093395857757,0.15030913054943085,0.15900383187897052,0.9949494949494949,0.038491598280578354,3.8318580490327268,0.9929006085192698,0.19128565846033607,3.8239671540686455,0.9366125760649088,0.36088315748339195,3.607184542167921,0.8290977620809755,0.7279575664108174,0.6203419013651458,0.8370394955194158,0.4927706135209066,0.11986039116285807,3.6501078887410414e-08,0.9949494949494949,0.038491598280578354,3.8318580490327268,0.9939148073022313,0.19148104728409535,3.827873147075866,0.9437119675456389,0.3636186010160219,3.634526493218462,0.7279575664108174,0.8290977620809755,0.11986039116285807,3.6501078887410414e-08
strict_ex_ante,y_no_call_for_tender,sgd_logistic,83696,27907,0.33584639648250814,0.3366180528182893,0.800600507309705,0.6840511031044172,0.5736978204654599,0.6803446261682243,0.4959548648073238,0.2113216569344581,0.19113761117954164,0.925,0.027570789865871834,2.7479215456674475,0.9498567335243553,0.14115392803917395,2.821764090106896,0.8244356861340022,0.24494358100915478,2.4491725242645943,0.8037822647133518,0.6736987619942076,0.6141425708559977,0.6644777598810556,0.5708963167979562,0.16300211944473478,2.81046710770216e-17,0.9857142857142858,0.02938045560996381,2.9282870525259286,0.9505730659025788,0.141260378965297,2.8238921173241716,0.8290935148692224,0.24632744304875454,2.4630096571700437,0.6736987619942076,0.8037822647133518,0.16300211944473478,2.81046710770216e-17
strict_ex_ante,y_no_call_for_tender,lightgbm,83696,27907,0.33584639648250814,0.3366180528182893,0.965226183176485,0.9366569870796392,0.8376953028734783,0.7799908214777421,0.9046199701937406,0.07631020204462592,0.05201197750759119,1.0,0.029806259314456036,2.970725995316159,1.0,0.14860549286778796,2.970725995316159,0.9992834109638122,0.2968916329572067,2.968597205638398,0.9655375318664208,0.9345637371298883,0.846704082755585,0.8763097949886105,0.8190334255908026,0.06952025433707543,2.2182915534006213e-17,1.0,0.029806259314456036,2.970725995316159,1.0,0.14860549286778796,2.970725995316159,0.9996417054819061,0.29699808388332977,2.9696616004772785,0.9345637371298883,0.9655375318664208,0.06952025433707543,2.2182915534006213e-17
strict_ex_ante,y_no_call_for_tender,xgboost,83696,27907,0.33584639648250814,0.3366180528182893,0.9582670796638295,0.9250161371406493,0.8231946624803768,0.7634212920837125,0.8931232701724505,0.08424805104732513,0.05864812511230288,1.0,0.029806259314456036,2.970725995316159,1.0,0.14860549286778796,2.970725995316159,0.9992834109638122,0.2968916329572067,2.968597205638398,0.9587282146336795,0.9219948603494438,0.830270631473438,0.8705044371788884,0.793591654247392,0.07619263425065866,1.2530146473495855e-08,1.0,0.029806259314456036,2.970725995316159,1.0,0.14860549286778796,2.970725995316159,0.9996417054819061,0.29699808388332977,2.9696616004772785,0.9219948603494438,0.9587282146336795,0.07619263425065866,1.2530146473495855e-08
audit_priority,y_cri_high,sgd_logistic,119997,40000,0.394351525454803,0.393975,0.7933782944175916,0.7060765345098275,0.32214554579673776,0.9145146927871772,0.19550732914525035,0.3016673001049829,0.3046723583484546,0.83,0.02106732660701821,2.106732660701821,0.936,0.11878926327812679,2.3757852655625356,0.86475,0.21949362269179518,2.1949362269179518,0.7964974137499948,0.6983934589990333,0.6350467449744872,0.6897783067995834,0.5883622057237134,0.1752291336111376,1.0102127467881417e-16,0.805,0.020432768576686338,2.043276857668634,0.93,0.11802779364172854,2.3605558728345706,0.88075,0.22355479408591916,2.2355479408591914,0.6983934589990333,0.7964974137499948,0.1752291336111376,1.0102127467881417e-16
audit_priority,y_cri_high,lightgbm,119997,40000,0.394351525454803,0.393975,0.9818431079208922,0.9769120695357698,0.9110057590123771,0.9135928525845565,0.9084332762231107,0.050451437922406014,0.0276064281510863,1.0,0.025382321213274953,2.5382321213274954,1.0,0.12691160606637478,2.5382321213274954,1.0,0.25382321213274955,2.5382321213274954,0.9820837392053245,0.975751537636116,0.9108257360389505,0.9388978711937483,0.8843835268735326,0.04849364588463001,3.964051309424122e-17,1.0,0.025382321213274953,2.5382321213274954,1.0,0.12691160606637478,2.5382321213274954,1.0,0.25382321213274955,2.5382321213274954,0.975751537636116,0.9820837392053245,0.04849364588463001,3.964051309424122e-17
audit_priority,y_cri_high,xgboost,119997,40000,0.394351525454803,0.393975,0.978666344092033,0.9731900765211817,0.9050215208034433,0.9094579008073818,0.9006282124500286,0.054964330047369,0.031187208177614965,1.0,0.025382321213274953,2.5382321213274954,1.0,0.12691160606637478,2.5382321213274954,1.0,0.25382321213274955,2.5382321213274954,0.9789072175142393,0.9718397590777483,0.9057386345225366,0.9254403390279433,0.8868583031918269,0.05248409330172415,5.133754892702492e-08,1.0,0.025382321213274953,2.5382321213274954,1.0,0.12691160606637478,2.5382321213274954,1.0,0.25382321213274955,2.5382321213274954,0.9718397590777483,0.9789072175142393,0.05248409330172415,5.133754892702492e-08
audit_priority,y_proc_high,sgd_logistic,94204,31412,0.2731837289287079,0.2740354004838915,0.6206842146082113,0.4295320901089654,0.4599685595300477,0.30158041300495464,0.96875,0.6108327949975504,0.61502553845685,0.5428571428571428,0.019865241635687734,1.9809745087626125,0.47994907702100575,0.08759293680297398,1.751412686731393,0.5977084659452578,0.21816914498141263,2.1811359586747723,0.673470374702736,0.4248240871014939,0.391876118589993,0.5934480320527928,0.2925185873605948,0.1774629501049508,2.824120099313909e-16,0.28888888888888886,0.010571561338289962,1.054202808756712,0.40356460852959897,0.07365241635687732,1.4726732670924445,0.6005728835136855,0.21921468401486988,2.1915886869112327,0.4248240871014939,0.673470374702736,0.1774629501049508,2.824120099313909e-16
audit_priority,y_proc_high,lightgbm,94204,31412,0.2731837289287079,0.2740354004838915,0.9996569761248107,0.9993784182894125,0.9895736793327155,0.9868299445471349,0.9923327137546468,0.004678364549825575,0.004146881410216862,1.0,0.03659386617100372,3.649163568773234,1.0,0.1825046468401487,3.649163568773234,1.0,0.3650092936802974,3.649163568773234,0.9997237270747191,0.9993096775768728,0.9903533240353324,0.9908139534883721,0.9898931226765799,0.00404462932356743,4.8421162095265e-19,1.0,0.03659386617100372,3.649163568773234,1.0,0.1825046468401487,3.649163568773234,1.0,0.3650092936802974,3.649163568773234,0.9993096775768728,0.9997237270747191,0.00404462932356743,4.8421162095265e-19
audit_priority,y_proc_high,xgboost,94204,31412,0.2731837289287079,0.2740354004838915,0.9993621369294436,0.9986864384017681,0.9827675638291741,0.9751801441152922,0.9904739776951673,0.0080964220687747,0.013683654271625023,1.0,0.03659386617100372,3.649163568773234,1.0,0.1825046468401487,3.649163568773234,1.0,0.3650092936802974,3.649163568773234,0.9994247716641702,0.9985529050788456,0.9863348258417166,0.9874257771568286,0.985246282527881,0.0061415410112134125,9.19649437601862e-09,1.0,0.03659386617100372,3.649163568773234,1.0,0.1825046468401487,3.649163568773234,1.0,0.3650092936802974,3.649163568773234,0.9985529050788456,0.9994247716641702,0.0061415410112134125,9.19649437601862e-09
audit_priority,y_buyer_concentration_high,sgd_logistic,65345,21842,0.2517407605784681,0.24910722461313067,0.6790205569854609,0.44270802255108826,0.2586686174103877,0.6341463414634146,0.1624701341665135,0.21827112478856764,0.21013203030131192,0.7214611872146118,0.029038779636096305,2.8961873279069197,0.6614821591948765,0.13287998529682044,2.6554113804694897,0.5743707093821511,0.23065612938798016,2.3057167863122485,0.6827735276562776,0.4338627081433863,0.29954109303295784,0.6154285714285714,0.19794155486123874,0.16842962105797638,2.6782186231800888e-17,0.7534246575342466,0.030325307847822093,3.024499424712923,0.6651418115279049,0.13361514427494947,2.670102453113857,0.5780320366132723,0.23212644734423818,2.320414582559657,0.4338627081433863,0.6827735276562776,0.16842962105797638,2.6782186231800888e-17
audit_priority,y_buyer_concentration_high,lightgbm,65345,21842,0.2517407605784681,0.24910722461313067,0.8236079355617758,0.6218674620216675,0.593258755575053,0.4925934919864012,0.745634993567359,0.1674121757222359,0.14427290586651847,0.9360730593607306,0.0376768976291123,3.7577114064615103,0.8106129917657823,0.16283771365557803,3.2540725907274797,0.7276887871853547,0.2922256938062856,2.9211870041724897,0.8252135660700263,0.6136267339306033,0.526797385620915,0.6466969778015512,0.44440360227899284,0.13646055082003009,6.377543041888912e-18,0.9360730593607306,0.0376768976291123,3.7577114064615103,0.8124428179322964,0.16320529314464252,3.261418127049663,0.7281464530892449,0.29240948355081786,2.923024228703416,0.6136267339306033,0.8252135660700263,0.13646055082003009,6.377543041888912e-18
audit_priority,y_buyer_concentration_high,xgboost,65345,21842,0.2517407605784681,0.24910722461313067,0.8393958231239592,0.6368586012418432,0.5998865730894655,0.4882862088863243,0.7776144091159714,0.16632187366485596,0.16101949746566055,0.9497716894977168,0.03822826686270906,3.812702305092654,0.818847209515096,0.1644918213563683,3.287127504177307,0.7327231121281464,0.2942473809961404,2.941396474012677,0.8405203236595561,0.6268240562342996,0.5215633423180593,0.670516892867456,0.42675978680389637,0.13277445444103125,1.6627425809781384e-07,0.954337899543379,0.03841205660724131,3.831032604636369,0.8270814272644099,0.1661459290571586,3.320182417627135,0.7322654462242563,0.29406359125160814,2.9395592494817504,0.6268240562342996,0.8405203236595561,0.13277445444103125,1.6627425809781384e-07
audit_priority,y_single_bid,sgd_logistic,58976,19711,0.26458220293000545,0.25965197098067067,0.991290382175612,0.9736594559322511,0.9292185166749627,0.9472295514511874,0.9118796404845643,0.031066790865067896,0.02935220584834615,0.9848484848484849,0.038100820633059786,3.792955936859806,0.9959432048681541,0.19187182493161392,3.8356851330903066,0.9893509127789046,0.38120359515435714,3.8102961785433744,0.9920237630727949,0.9736223067451797,0.9406721870433512,0.938022148824558,0.9433372411098085,0.025113514628007306,9.107760290289068e-18,1.0,0.038686987104337635,3.8513091051191877,0.9949290060851927,0.19167643610785462,3.8317791400830865,0.9893509127789046,0.38120359515435714,3.8102961785433744,0.9736223067451797,0.9920237630727949,0.025113514628007306,9.107760290289068e-18
audit_priority,y_single_bid,lightgbm,58976,19711,0.26458220293000545,0.25965197098067067,0.999991457680425,0.9999771860625701,0.9985332942211792,0.9994128009395185,0.9976553341148886,0.0005850831136294931,0.0005886288977976891,1.0,0.038686987104337635,3.8513091051191877,1.0,0.19265338022665104,3.8513091051191877,1.0,0.3853067604533021,3.8513091051191877,0.9999949187926666,0.9999762768364224,0.9988269794721407,0.9994131455399061,0.9982415005861665,0.00044984130853110987,9.293632949274559e-20,1.0,0.038686987104337635,3.8513091051191877,1.0,0.19265338022665104,3.8513091051191877,1.0,0.3853067604533021,3.8513091051191877,0.9999762768364224,0.9999949187926666,0.00044984130853110987,9.293632949274559e-20
audit_priority,y_single_bid,xgboost,58976,19711,0.26458220293000545,0.25965197098067067,0.9999816701637958,0.9999523678107299,0.9986314760508309,0.9992175273865415,0.9980461117624072,0.0005628670915029943,0.000989781359495899,1.0,0.038686987104337635,3.8513091051191877,1.0,0.19265338022665104,3.8513091051191877,1.0,0.3853067604533021,3.8513091051191877,0.9999880166520069,0.9999504147906317,0.9988272087568413,0.9992178333985139,0.9984368894099257,0.0004773037972632729,1.5261386610239753e-11,1.0,0.038686987104337635,3.8513091051191877,1.0,0.19265338022665104,3.8513091051191877,1.0,0.3853067604533021,3.8513091051191877,0.9999504147906317,0.9999880166520069,0.0004773037972632729,1.5261386610239753e-11
audit_priority,y_no_call_for_tender,sgd_logistic,83696,27907,0.33584639648250814,0.3366180528182893,0.8301177224306563,0.6925292813998456,0.6669675090252708,0.5156413536457728,0.9440068128592719,0.281504183052101,0.2815058361739476,0.9464285714285714,0.028209495422610177,2.8115799598527933,0.8567335243553008,0.1273153076431765,2.545120551861122,0.8061626657112146,0.23951458377687887,2.3948883874816764,0.8346294666536623,0.6837889438518419,0.5918466391652512,0.6880112834978843,0.5192676176282733,0.1530406625826903,2.125603476035479e-17,0.9464285714285714,0.028209495422610177,2.8115799598527933,0.8617478510028653,0.1280604641260379,2.5600167423820483,0.8075958437835901,0.2399403874813711,2.399145966837199,0.6837889438518419,0.8346294666536623,0.1530406625826903,2.125603476035479e-17
audit_priority,y_no_call_for_tender,lightgbm,83696,27907,0.33584639648250814,0.3366180528182893,0.9740677309873258,0.9545276783106178,0.8664924097717905,0.8208571428571428,0.9175005322546306,0.06408813217131426,0.040035895892793834,1.0,0.029806259314456036,2.970725995316159,1.0,0.14860549286778796,2.970725995316159,1.0,0.29710453480945287,2.970725995316159,0.9744350019201187,0.9518339439836654,0.8656568982548568,0.8934073402809243,0.8395784543325527,0.059551905565501224,8.065994848702852e-19,1.0,0.029806259314456036,2.970725995316159,1.0,0.14860549286778796,2.970725995316159,1.0,0.29710453480945287,2.970725995316159,0.9518339439836654,0.9744350019201187,0.059551905565501224,8.065994848702852e-19
audit_priority,y_no_call_for_tender,xgboost,83696,27907,0.33584639648250814,0.3366180528182893,0.9700195827613601,0.9469441127311057,0.8600397614314115,0.8066380757038971,0.9210134128166915,0.07077161967754364,0.0517479774571554,1.0,0.029806259314456036,2.970725995316159,1.0,0.14860549286778796,2.970725995316159,0.9996417054819061,0.29699808388332977,2.9696616004772785,0.9705214281809993,0.9422675839396895,0.8508392746870264,0.9001069010571326,0.806685118160528,0.06399445008741979,3.1535716538526446e-09,1.0,0.029806259314456036,2.970725995316159,1.0,0.14860549286778796,2.970725995316159,0.9996417054819061,0.29699808388332977,2.9696616004772785,0.9422675839396895,0.9705214281809993,0.06399445008741979,3.1535716538526446e-09
