table,cell,printed in manuscript,value in artifact,artifact,status
Table 5,knee point: test primary AP,89.8,89.784,pareto_ensemble/table_05_selected_pareto_solutions.csv,match
Table 5,knee point: test primary F1,45.2,45.177,pareto_ensemble/table_05_selected_pareto_solutions.csv,match
Table 5,knee point: test any F1,31.4,31.378,pareto_ensemble/table_05_selected_pareto_solutions.csv,match
Table 5,knee point: top k rate,11.7,11.685,pareto_ensemble/table_05_selected_pareto_solutions.csv,match
Table 5,pseudo weights: test primary AP,89.4,89.385,pareto_ensemble/table_05_selected_pareto_solutions.csv,match
Table 5,pseudo weights: test primary F1,45.1,45.099,pareto_ensemble/table_05_selected_pareto_solutions.csv,match
Table 5,pseudo weights: test any F1,31.4,31.429,pareto_ensemble/table_05_selected_pareto_solutions.csv,match
Table 5,pseudo weights: top k rate,11.7,11.709,pareto_ensemble/table_05_selected_pareto_solutions.csv,match
Table 7,raw primary probability / Composite integrity risk: AP,89.5,89.501,validation/table_01_ranking_validation_summary.csv,match
Table 7,raw primary probability / Composite integrity risk: ROC AUC,93.1,93.086,validation/table_01_ranking_validation_summary.csv,match
Table 7,raw primary probability / Composite integrity risk: best F1,62.7,62.739,validation/table_01_ranking_validation_summary.csv,match
Table 7,raw primary probability / Composite integrity risk: best precision,93.3,93.325,validation/table_01_ranking_validation_summary.csv,match
Table 7,raw primary probability / Composite integrity risk: best recall,47.3,47.253,validation/table_01_ranking_validation_summary.csv,match
Table 7,raw primary probability / Any modeled risk: AP,89.9,89.888,validation/table_01_ranking_validation_summary.csv,match
Table 7,raw primary probability / Any modeled risk: ROC AUC,83.7,83.728,validation/table_01_ranking_validation_summary.csv,match
Table 7,raw primary probability / Any modeled risk: best F1,46.7,46.686,validation/table_01_ranking_validation_summary.csv,match
Table 7,raw primary probability / Any modeled risk: best precision,96.5,96.5,validation/table_01_ranking_validation_summary.csv,match
Table 7,raw primary probability / Any modeled risk: best recall,30.8,30.791,validation/table_01_ranking_validation_summary.csv,match
Table 7,baseline auto MCDM / Composite integrity risk: AP,82.7,82.748,validation/table_01_ranking_validation_summary.csv,match
Table 7,baseline auto MCDM / Composite integrity risk: ROC AUC,89.4,89.434,validation/table_01_ranking_validation_summary.csv,match
Table 7,baseline auto MCDM / Composite integrity risk: best F1,56.6,56.622,validation/table_01_ranking_validation_summary.csv,match
Table 7,baseline auto MCDM / Composite integrity risk: best precision,84.2,84.225,validation/table_01_ranking_validation_summary.csv,match
Table 7,baseline auto MCDM / Composite integrity risk: best recall,42.6,42.646,validation/table_01_ranking_validation_summary.csv,match
Table 7,baseline auto MCDM / Any modeled risk: AP,90.3,90.32,validation/table_01_ranking_validation_summary.csv,match
Table 7,baseline auto MCDM / Any modeled risk: ROC AUC,85.6,85.62,validation/table_01_ranking_validation_summary.csv,match
Table 7,baseline auto MCDM / Any modeled risk: best F1,44.7,44.678,validation/table_01_ranking_validation_summary.csv,match
Table 7,baseline auto MCDM / Any modeled risk: best precision,92.4,92.35,validation/table_01_ranking_validation_summary.csv,match
Table 7,baseline auto MCDM / Any modeled risk: best recall,29.5,29.467,validation/table_01_ranking_validation_summary.csv,match
Table 7,Pareto auto MCDM / Composite integrity risk: AP,89.8,89.784,validation/table_01_ranking_validation_summary.csv,match
Table 7,Pareto auto MCDM / Composite integrity risk: ROC AUC,93.1,93.052,validation/table_01_ranking_validation_summary.csv,match
Table 7,Pareto auto MCDM / Composite integrity risk: best F1,62.7,62.723,validation/table_01_ranking_validation_summary.csv,match
Table 7,Pareto auto MCDM / Composite integrity risk: best precision,93.3,93.3,validation/table_01_ranking_validation_summary.csv,match
Table 7,Pareto auto MCDM / Composite integrity risk: best recall,47.2,47.241,validation/table_01_ranking_validation_summary.csv,match
Table 7,Pareto auto MCDM / Any modeled risk: AP,90.7,90.659,validation/table_01_ranking_validation_summary.csv,match
Table 7,Pareto auto MCDM / Any modeled risk: ROC AUC,84.7,84.665,validation/table_01_ranking_validation_summary.csv,match
Table 7,Pareto auto MCDM / Any modeled risk: best F1,46.8,46.759,validation/table_01_ranking_validation_summary.csv,match
Table 7,Pareto auto MCDM / Any modeled risk: best precision,96.7,96.65,validation/table_01_ranking_validation_summary.csv,match
Table 7,Pareto auto MCDM / Any modeled risk: best recall,30.8,30.839,validation/table_01_ranking_validation_summary.csv,match
Table 8,raw primary probability / Composite integrity risk: AP,89.5,89.5,Revision 2/supporting_tables/t_coverage_single_queue.csv,match
Table 8,raw primary probability / Composite integrity risk: P@5,99.9,99.9,Revision 2/supporting_tables/t_coverage_single_queue.csv,match
Table 8,raw primary probability / Composite integrity risk: P@10,99.4,99.4,Revision 2/supporting_tables/t_coverage_single_queue.csv,match
Table 8,raw primary probability / Composite integrity risk: P@20,93.3,93.3,Revision 2/supporting_tables/t_coverage_single_queue.csv,match
Table 8,baseline auto MCDM / Composite integrity risk: AP,82.7,82.7,Revision 2/supporting_tables/t_coverage_single_queue.csv,match
Table 8,baseline auto MCDM / Composite integrity risk: P@5,95.0,95.0,Revision 2/supporting_tables/t_coverage_single_queue.csv,match
Table 8,baseline auto MCDM / Composite integrity risk: P@10,91.0,91.0,Revision 2/supporting_tables/t_coverage_single_queue.csv,match
Table 8,baseline auto MCDM / Composite integrity risk: P@20,84.2,84.2,Revision 2/supporting_tables/t_coverage_single_queue.csv,match
Table 8,Pareto auto MCDM / Composite integrity risk: AP,89.8,89.8,Revision 2/supporting_tables/t_coverage_single_queue.csv,match
Table 8,Pareto auto MCDM / Composite integrity risk: P@5,99.9,99.9,Revision 2/supporting_tables/t_coverage_single_queue.csv,match
Table 8,Pareto auto MCDM / Composite integrity risk: P@10,99.3,99.3,Revision 2/supporting_tables/t_coverage_single_queue.csv,match
Table 8,Pareto auto MCDM / Composite integrity risk: P@20,93.3,93.3,Revision 2/supporting_tables/t_coverage_single_queue.csv,match
Table 8,raw primary probability / Market concentration risk: AP,25.5,25.5,Revision 2/supporting_tables/t_coverage_single_queue.csv,match
Table 8,raw primary probability / Market concentration risk: P@5,31.6,31.6,Revision 2/supporting_tables/t_coverage_single_queue.csv,match
Table 8,raw primary probability / Market concentration risk: P@10,28.1,28.1,Revision 2/supporting_tables/t_coverage_single_queue.csv,match
Table 8,raw primary probability / Market concentration risk: P@20,25.3,25.3,Revision 2/supporting_tables/t_coverage_single_queue.csv,match
Table 8,baseline auto MCDM / Market concentration risk: AP,27.4,27.4,Revision 2/supporting_tables/t_coverage_single_queue.csv,match
Table 8,baseline auto MCDM / Market concentration risk: P@5,34.9,34.9,Revision 2/supporting_tables/t_coverage_single_queue.csv,match
Table 8,baseline auto MCDM / Market concentration risk: P@10,28.9,28.9,Revision 2/supporting_tables/t_coverage_single_queue.csv,match
Table 8,baseline auto MCDM / Market concentration risk: P@20,28.5,28.5,Revision 2/supporting_tables/t_coverage_single_queue.csv,match
Table 8,Pareto auto MCDM / Market concentration risk: AP,25.7,25.7,Revision 2/supporting_tables/t_coverage_single_queue.csv,match
Table 8,Pareto auto MCDM / Market concentration risk: P@5,31.4,31.4,Revision 2/supporting_tables/t_coverage_single_queue.csv,match
Table 8,Pareto auto MCDM / Market concentration risk: P@10,28.0,28.0,Revision 2/supporting_tables/t_coverage_single_queue.csv,match
Table 8,Pareto auto MCDM / Market concentration risk: P@20,25.3,25.3,Revision 2/supporting_tables/t_coverage_single_queue.csv,match
Table 8,raw primary probability / No-call-for-tender risk: AP,56.5,56.5,Revision 2/supporting_tables/t_coverage_single_queue.csv,match
Table 8,raw primary probability / No-call-for-tender risk: P@5,86.0,86.0,Revision 2/supporting_tables/t_coverage_single_queue.csv,match
Table 8,raw primary probability / No-call-for-tender risk: P@10,75.2,75.2,Revision 2/supporting_tables/t_coverage_single_queue.csv,match
Table 8,raw primary probability / No-call-for-tender risk: P@20,53.9,53.9,Revision 2/supporting_tables/t_coverage_single_queue.csv,match
Table 8,baseline auto MCDM / No-call-for-tender risk: AP,69.0,69.0,Revision 2/supporting_tables/t_coverage_single_queue.csv,match
Table 8,baseline auto MCDM / No-call-for-tender risk: P@5,99.0,99.0,Revision 2/supporting_tables/t_coverage_single_queue.csv,match
Table 8,baseline auto MCDM / No-call-for-tender risk: P@10,91.3,91.3,Revision 2/supporting_tables/t_coverage_single_queue.csv,match
Table 8,baseline auto MCDM / No-call-for-tender risk: P@20,74.8,74.8,Revision 2/supporting_tables/t_coverage_single_queue.csv,match
Table 8,Pareto auto MCDM / No-call-for-tender risk: AP,58.7,58.7,Revision 2/supporting_tables/t_coverage_single_queue.csv,match
Table 8,Pareto auto MCDM / No-call-for-tender risk: P@5,94.8,94.8,Revision 2/supporting_tables/t_coverage_single_queue.csv,match
Table 8,Pareto auto MCDM / No-call-for-tender risk: P@10,75.0,75.0,Revision 2/supporting_tables/t_coverage_single_queue.csv,match
Table 8,Pareto auto MCDM / No-call-for-tender risk: P@20,55.5,55.5,Revision 2/supporting_tables/t_coverage_single_queue.csv,match
Table 8,raw primary probability / Procedural risk: AP,91.4,91.4,Revision 2/supporting_tables/t_coverage_single_queue.csv,match
Table 8,raw primary probability / Procedural risk: P@5,99.4,99.4,Revision 2/supporting_tables/t_coverage_single_queue.csv,match
Table 8,raw primary probability / Procedural risk: P@10,96.4,96.4,Revision 2/supporting_tables/t_coverage_single_queue.csv,match
Table 8,raw primary probability / Procedural risk: P@20,91.3,91.3,Revision 2/supporting_tables/t_coverage_single_queue.csv,match
Table 8,baseline auto MCDM / Procedural risk: AP,97.6,97.6,Revision 2/supporting_tables/t_coverage_single_queue.csv,match
Table 8,baseline auto MCDM / Procedural risk: P@5,99.9,99.9,Revision 2/supporting_tables/t_coverage_single_queue.csv,match
Table 8,baseline auto MCDM / Procedural risk: P@10,100.0,100.0,Revision 2/supporting_tables/t_coverage_single_queue.csv,match
Table 8,baseline auto MCDM / Procedural risk: P@20,98.9,98.9,Revision 2/supporting_tables/t_coverage_single_queue.csv,match
Table 8,Pareto auto MCDM / Procedural risk: AP,93.0,93.0,Revision 2/supporting_tables/t_coverage_single_queue.csv,match
Table 8,Pareto auto MCDM / Procedural risk: P@5,100.0,100.0,Revision 2/supporting_tables/t_coverage_single_queue.csv,match
Table 8,Pareto auto MCDM / Procedural risk: P@10,96.5,96.5,Revision 2/supporting_tables/t_coverage_single_queue.csv,match
Table 8,Pareto auto MCDM / Procedural risk: P@20,91.9,91.9,Revision 2/supporting_tables/t_coverage_single_queue.csv,match
Table 8,raw primary probability / Single-bid risk: AP,51.3,51.3,Revision 2/supporting_tables/t_coverage_single_queue.csv,match
Table 8,raw primary probability / Single-bid risk: P@5,55.6,55.6,Revision 2/supporting_tables/t_coverage_single_queue.csv,match
Table 8,raw primary probability / Single-bid risk: P@10,65.6,65.6,Revision 2/supporting_tables/t_coverage_single_queue.csv,match
Table 8,raw primary probability / Single-bid risk: P@20,60.8,60.8,Revision 2/supporting_tables/t_coverage_single_queue.csv,match
Table 8,baseline auto MCDM / Single-bid risk: AP,59.9,59.9,Revision 2/supporting_tables/t_coverage_single_queue.csv,match
Table 8,baseline auto MCDM / Single-bid risk: P@5,85.3,85.3,Revision 2/supporting_tables/t_coverage_single_queue.csv,match
Table 8,baseline auto MCDM / Single-bid risk: P@10,81.2,81.2,Revision 2/supporting_tables/t_coverage_single_queue.csv,match
Table 8,baseline auto MCDM / Single-bid risk: P@20,61.2,61.2,Revision 2/supporting_tables/t_coverage_single_queue.csv,match
Table 8,Pareto auto MCDM / Single-bid risk: AP,51.7,51.7,Revision 2/supporting_tables/t_coverage_single_queue.csv,match
Table 8,Pareto auto MCDM / Single-bid risk: P@5,56.0,56.0,Revision 2/supporting_tables/t_coverage_single_queue.csv,match
Table 8,Pareto auto MCDM / Single-bid risk: P@10,65.8,65.8,Revision 2/supporting_tables/t_coverage_single_queue.csv,match
Table 8,Pareto auto MCDM / Single-bid risk: P@20,60.7,60.7,Revision 2/supporting_tables/t_coverage_single_queue.csv,match
Table 12,Raw primary probability / Average precision: observed Pareto advantage (pp),0.28,0.28,Revision 2/supporting_tables/t_bootstrap_comparisons.csv,match
Table 12,Raw primary probability / Average precision: bootstrap mean Pareto advantage (pp),0.28,0.28,Revision 2/supporting_tables/t_bootstrap_comparisons.csv,match
Table 12,Raw primary probability / Average precision: BCa CI lower (pp),0.26,0.26,Revision 2/supporting_tables/t_bootstrap_comparisons.csv,match
Table 12,Raw primary probability / Average precision: BCa CI upper (pp),0.31,0.31,Revision 2/supporting_tables/t_bootstrap_comparisons.csv,match
Table 12,Raw primary probability / Average precision: Holm p,<0.001,<0.001,Revision 2/supporting_tables/t_bootstrap_comparisons.csv,match
Table 12,Raw primary probability / F1 at 20% review: observed Pareto advantage (pp),-0.02,-0.02,Revision 2/supporting_tables/t_bootstrap_comparisons.csv,match
Table 12,Raw primary probability / F1 at 20% review: bootstrap mean Pareto advantage (pp),-0.03,-0.03,Revision 2/supporting_tables/t_bootstrap_comparisons.csv,match
Table 12,Raw primary probability / F1 at 20% review: BCa CI lower (pp),-0.13,-0.13,Revision 2/supporting_tables/t_bootstrap_comparisons.csv,match
Table 12,Raw primary probability / F1 at 20% review: BCa CI upper (pp),0.12,0.12,Revision 2/supporting_tables/t_bootstrap_comparisons.csv,match
Table 12,Raw primary probability / F1 at 20% review: Holm p,0.704,0.704,Revision 2/supporting_tables/t_bootstrap_comparisons.csv,match
Table 12,Manual TOPSIS (equal weights) / Average precision: observed Pareto advantage (pp),11.78,11.78,Revision 2/supporting_tables/t_bootstrap_comparisons.csv,match
Table 12,Manual TOPSIS (equal weights) / Average precision: bootstrap mean Pareto advantage (pp),11.79,11.79,Revision 2/supporting_tables/t_bootstrap_comparisons.csv,match
Table 12,Manual TOPSIS (equal weights) / Average precision: BCa CI lower (pp),11.16,11.16,Revision 2/supporting_tables/t_bootstrap_comparisons.csv,match
Table 12,Manual TOPSIS (equal weights) / Average precision: BCa CI upper (pp),12.36,12.36,Revision 2/supporting_tables/t_bootstrap_comparisons.csv,match
Table 12,Manual TOPSIS (equal weights) / Average precision: Holm p,<0.001,<0.001,Revision 2/supporting_tables/t_bootstrap_comparisons.csv,match
Table 12,Manual TOPSIS (equal weights) / F1 at 20% review: observed Pareto advantage (pp),7.66,7.66,Revision 2/supporting_tables/t_bootstrap_comparisons.csv,match
Table 12,Manual TOPSIS (equal weights) / F1 at 20% review: bootstrap mean Pareto advantage (pp),7.69,7.69,Revision 2/supporting_tables/t_bootstrap_comparisons.csv,match
Table 12,Manual TOPSIS (equal weights) / F1 at 20% review: BCa CI lower (pp),7.03,7.03,Revision 2/supporting_tables/t_bootstrap_comparisons.csv,match
Table 12,Manual TOPSIS (equal weights) / F1 at 20% review: BCa CI upper (pp),8.32,8.32,Revision 2/supporting_tables/t_bootstrap_comparisons.csv,match
Table 12,Manual TOPSIS (equal weights) / F1 at 20% review: Holm p,<0.001,<0.001,Revision 2/supporting_tables/t_bootstrap_comparisons.csv,match
Table 12,Manual VIKOR (equal weights) / Average precision: observed Pareto advantage (pp),14.67,14.67,Revision 2/supporting_tables/t_bootstrap_comparisons.csv,match
Table 12,Manual VIKOR (equal weights) / Average precision: bootstrap mean Pareto advantage (pp),14.67,14.67,Revision 2/supporting_tables/t_bootstrap_comparisons.csv,match
Table 12,Manual VIKOR (equal weights) / Average precision: BCa CI lower (pp),13.98,13.98,Revision 2/supporting_tables/t_bootstrap_comparisons.csv,match
Table 12,Manual VIKOR (equal weights) / Average precision: BCa CI upper (pp),15.34,15.34,Revision 2/supporting_tables/t_bootstrap_comparisons.csv,match
Table 12,Manual VIKOR (equal weights) / Average precision: Holm p,<0.001,<0.001,Revision 2/supporting_tables/t_bootstrap_comparisons.csv,match
Table 12,Manual VIKOR (equal weights) / F1 at 20% review: observed Pareto advantage (pp),9.37,9.37,Revision 2/supporting_tables/t_bootstrap_comparisons.csv,match
Table 12,Manual VIKOR (equal weights) / F1 at 20% review: bootstrap mean Pareto advantage (pp),9.35,9.35,Revision 2/supporting_tables/t_bootstrap_comparisons.csv,match
Table 12,Manual VIKOR (equal weights) / F1 at 20% review: BCa CI lower (pp),8.78,8.78,Revision 2/supporting_tables/t_bootstrap_comparisons.csv,match
Table 12,Manual VIKOR (equal weights) / F1 at 20% review: BCa CI upper (pp),10.09,10.09,Revision 2/supporting_tables/t_bootstrap_comparisons.csv,match
Table 12,Manual VIKOR (equal weights) / F1 at 20% review: Holm p,<0.001,<0.001,Revision 2/supporting_tables/t_bootstrap_comparisons.csv,match
Table 12,Manual WASPAS (equal weights) / Average precision: observed Pareto advantage (pp),12.55,12.55,Revision 2/supporting_tables/t_bootstrap_comparisons.csv,match
Table 12,Manual WASPAS (equal weights) / Average precision: bootstrap mean Pareto advantage (pp),12.56,12.56,Revision 2/supporting_tables/t_bootstrap_comparisons.csv,match
Table 12,Manual WASPAS (equal weights) / Average precision: BCa CI lower (pp),11.95,11.95,Revision 2/supporting_tables/t_bootstrap_comparisons.csv,match
Table 12,Manual WASPAS (equal weights) / Average precision: BCa CI upper (pp),13.16,13.16,Revision 2/supporting_tables/t_bootstrap_comparisons.csv,match
Table 12,Manual WASPAS (equal weights) / Average precision: Holm p,<0.001,<0.001,Revision 2/supporting_tables/t_bootstrap_comparisons.csv,match
Table 12,Manual WASPAS (equal weights) / F1 at 20% review: observed Pareto advantage (pp),8.87,8.87,Revision 2/supporting_tables/t_bootstrap_comparisons.csv,match
Table 12,Manual WASPAS (equal weights) / F1 at 20% review: bootstrap mean Pareto advantage (pp),8.85,8.85,Revision 2/supporting_tables/t_bootstrap_comparisons.csv,match
Table 12,Manual WASPAS (equal weights) / F1 at 20% review: BCa CI lower (pp),8.29,8.29,Revision 2/supporting_tables/t_bootstrap_comparisons.csv,match
Table 12,Manual WASPAS (equal weights) / F1 at 20% review: BCa CI upper (pp),9.55,9.55,Revision 2/supporting_tables/t_bootstrap_comparisons.csv,match
Table 12,Manual WASPAS (equal weights) / F1 at 20% review: Holm p,<0.001,<0.001,Revision 2/supporting_tables/t_bootstrap_comparisons.csv,match
Table 12,Auto-MCDM baseline / Average precision: observed Pareto advantage (pp),7.04,7.04,Revision 2/supporting_tables/t_bootstrap_comparisons.csv,match
Table 12,Auto-MCDM baseline / Average precision: bootstrap mean Pareto advantage (pp),7.04,7.04,Revision 2/supporting_tables/t_bootstrap_comparisons.csv,match
Table 12,Auto-MCDM baseline / Average precision: BCa CI lower (pp),6.62,6.62,Revision 2/supporting_tables/t_bootstrap_comparisons.csv,match
Table 12,Auto-MCDM baseline / Average precision: BCa CI upper (pp),7.45,7.45,Revision 2/supporting_tables/t_bootstrap_comparisons.csv,match
Table 12,Auto-MCDM baseline / Average precision: Holm p,<0.001,<0.001,Revision 2/supporting_tables/t_bootstrap_comparisons.csv,match
Table 12,Auto-MCDM baseline / F1 at 20% review: observed Pareto advantage (pp),6.10,6.1,Revision 2/supporting_tables/t_bootstrap_comparisons.csv,match
Table 12,Auto-MCDM baseline / F1 at 20% review: bootstrap mean Pareto advantage (pp),6.06,6.06,Revision 2/supporting_tables/t_bootstrap_comparisons.csv,match
Table 12,Auto-MCDM baseline / F1 at 20% review: BCa CI lower (pp),5.58,5.58,Revision 2/supporting_tables/t_bootstrap_comparisons.csv,match
Table 12,Auto-MCDM baseline / F1 at 20% review: BCa CI upper (pp),6.70,6.7,Revision 2/supporting_tables/t_bootstrap_comparisons.csv,match
Table 12,Auto-MCDM baseline / F1 at 20% review: Holm p,<0.001,<0.001,Revision 2/supporting_tables/t_bootstrap_comparisons.csv,match
Table 13,Composite integrity risk / calibrated top k: val threshold,44.0,44.0,operating_point_calibration/table_01_calibrated_operating_points.csv,match
Table 13,Composite integrity risk / calibrated top k: val F1,84.0,83.997,operating_point_calibration/table_01_calibrated_operating_points.csv,match
Table 13,Composite integrity risk / calibrated top k: test selected rate,44.00,44.001,operating_point_calibration/table_01_calibrated_operating_points.csv,match
Table 13,Composite integrity risk / calibrated top k: test selected count,17600,17600,operating_point_calibration/table_01_calibrated_operating_points.csv,match
Table 13,Composite integrity risk / calibrated top k: test precision,78.5,78.523,operating_point_calibration/table_01_calibrated_operating_points.csv,match
Table 13,Composite integrity risk / calibrated top k: test recall,87.5,87.468,operating_point_calibration/table_01_calibrated_operating_points.csv,match
Table 13,Composite integrity risk / calibrated top k: test F1,82.8,82.754,operating_point_calibration/table_01_calibrated_operating_points.csv,match
Table 13,Composite integrity risk / calibrated score threshold: val threshold,41.7,41.7,operating_point_calibration/table_01_calibrated_operating_points.csv,match
Table 13,Composite integrity risk / calibrated score threshold: val F1,84.1,84.063,operating_point_calibration/table_01_calibrated_operating_points.csv,match
Table 13,Composite integrity risk / calibrated score threshold: test selected rate,44.44,44.436,operating_point_calibration/table_01_calibrated_operating_points.csv,match
Table 13,Composite integrity risk / calibrated score threshold: test selected count,17774,17774,operating_point_calibration/table_01_calibrated_operating_points.csv,match
Table 13,Composite integrity risk / calibrated score threshold: test precision,78.2,78.238,operating_point_calibration/table_01_calibrated_operating_points.csv,match
Table 13,Composite integrity risk / calibrated score threshold: test recall,88.0,88.013,operating_point_calibration/table_01_calibrated_operating_points.csv,match
Table 13,Composite integrity risk / calibrated score threshold: test F1,82.8,82.838,operating_point_calibration/table_01_calibrated_operating_points.csv,match
Table 13,Any modeled risk / calibrated top k: val threshold,59.0,59.0,operating_point_calibration/table_01_calibrated_operating_points.csv,match
Table 13,Any modeled risk / calibrated top k: val F1,82.9,82.854,operating_point_calibration/table_01_calibrated_operating_points.csv,match
Table 13,Any modeled risk / calibrated top k: test selected rate,59.00,59.001,operating_point_calibration/table_01_calibrated_operating_points.csv,match
Table 13,Any modeled risk / calibrated top k: test selected count,23600,23600,operating_point_calibration/table_01_calibrated_operating_points.csv,match
Table 13,Any modeled risk / calibrated top k: test precision,85.0,84.975,operating_point_calibration/table_01_calibrated_operating_points.csv,match
Table 13,Any modeled risk / calibrated top k: test recall,80.0,79.986,operating_point_calibration/table_01_calibrated_operating_points.csv,match
Table 13,Any modeled risk / calibrated top k: test F1,82.4,82.405,operating_point_calibration/table_01_calibrated_operating_points.csv,match
Table 13,Any modeled risk / calibrated score threshold: val threshold,14.3,14.3,operating_point_calibration/table_01_calibrated_operating_points.csv,match
Table 13,Any modeled risk / calibrated score threshold: val F1,82.9,82.881,operating_point_calibration/table_01_calibrated_operating_points.csv,match
Table 13,Any modeled risk / calibrated score threshold: test selected rate,59.78,59.781,operating_point_calibration/table_01_calibrated_operating_points.csv,match
Table 13,Any modeled risk / calibrated score threshold: test selected count,23912,23912,operating_point_calibration/table_01_calibrated_operating_points.csv,match
Table 13,Any modeled risk / calibrated score threshold: test precision,84.4,84.405,operating_point_calibration/table_01_calibrated_operating_points.csv,match
Table 13,Any modeled risk / calibrated score threshold: test recall,80.5,80.5,operating_point_calibration/table_01_calibrated_operating_points.csv,match
Table 13,Any modeled risk / calibrated score threshold: test F1,82.4,82.407,operating_point_calibration/table_01_calibrated_operating_points.csv,match
